{"entities":[{"x":1,"y":10,"id":"MovingVerticalPlatform","tags":{"blockMove":3,"speed":1}},{"x":1,"y":23,"id":"PortalBlock","tags":{"id":58}},{"x":2,"y":10,"id":"MovingVerticalPlatform","tags":{"blockMove":3,"speed":1}},{"x":3,"y":10,"id":"MovingVerticalPlatform","tags":{"blockMove":3,"speed":1}},{"x":4,"y":6,"id":"PowerUpBlock","tags":{"animated":true}},{"x":4,"y":18,"id":"MovingVerticalPlatform","tags":{"blockMove":3,"speed":1}},{"x":5,"y":4,"id":"PortalBlock","tags":{"id":68}},{"x":5,"y":6,"id":"PowerUpBlock","tags":{"animated":true}},{"x":5,"y":18,"id":"MovingVerticalPlatform","tags":{"blockMove":3,"speed":1}},{"x":6,"y":6,"id":"PowerUpBlock","tags":{"animated":true}},{"x":6,"y":18,"id":"MovingVerticalPlatform","tags":{"blockMove":3,"speed":1}},{"x":8,"y":10,"id":"MovingVerticalPlatform","tags":{"blockMove":3,"speed":1}},{"x":8,"y":11,"id":"MovingVerticalPlatform","tags":{"blockMove":3,"speed":1}},{"x":8,"y":12,"id":"MovingVerticalPlatform","tags":{"blockMove":3,"speed":1}},{"x":8,"y":17,"id":"MovingVerticalPlatform","tags":{"blockMove":3,"speed":1}},{"x":8,"y":18,"id":"MovingVerticalPlatform","tags":{"blockMove":3,"speed":1}},{"x":8,"y":19,"id":"MovingVerticalPlatform","tags":{"blockMove":3,"speed":1}},{"x":8,"y":20,"id":"MovingVerticalPlatform","tags":{"blockMove":3,"speed":1}},{"x":8,"y":21,"id":"MovingVerticalPlatform","tags":{"blockMove":3,"speed":1}},{"x":10,"y":6,"id":"PortalBlock","tags":{"id":61}},{"x":11,"y":9,"id":"MalusBlock","tags":{"animated":true}},{"x":12,"y":9,"id":"MalusBlock","tags":{"animated":true}},{"x":13,"y":9,"id":"MalusBlock","tags":{"animated":true}},{"x":13,"y":17,"id":"MovingHorizontalPlatform","tags":{"blockMove":3,"speed":1}},{"x":13,"y":29,"id":"PowerUpBlock","tags":{"animated":true}},{"x":14,"y":17,"id":"MovingHorizontalPlatform","tags":{"blockMove":3,"speed":1}},{"x":15,"y":17,"id":"MovingHorizontalPlatform","tags":{"blockMove":3,"speed":1}},{"x":21,"y":5,"id":"PortalBlock","tags":{"id":59}},{"x":21,"y":24,"id":"PortalBlock","tags":{"id":58}},{"x":25,"y":7,"id":"PowerUpBlock","tags":{"animated":true}},{"x":25,"y":29,"id":"MalusBlock","tags":{"animated":true}},{"x":26,"y":26,"id":"MalusBlock","tags":{"animated":true}},{"x":30,"y":14,"id":"PortalBlock","tags":{"id":69}},{"x":31,"y":21,"id":"MovingVerticalPlatform","tags":{"blockMove":3,"speed":1}},{"x":34,"y":26,"id":"PowerUpBlock","tags":{"animated":true}},{"x":35,"y":7,"id":"MalusBlock","tags":{"animated":true}},{"x":39,"y":5,"id":"PortalBlock","tags":{"id":69}},{"x":42,"y":17,"id":"MovingHorizontalPlatform","tags":{"blockMove":3,"speed":1}},{"x":43,"y":12,"id":"MovingHorizontalPlatform","tags":{"blockMove":3,"speed":1}},{"x":43,"y":17,"id":"MovingHorizontalPlatform","tags":{"blockMove":3,"speed":1}},{"x":44,"y":12,"id":"MovingHorizontalPlatform","tags":{"blockMove":3,"speed":1}},{"x":44,"y":17,"id":"MovingHorizontalPlatform","tags":{"blockMove":3,"speed":1}},{"x":45,"y":12,"id":"MovingHorizontalPlatform","tags":{"blockMove":3,"speed":1}},{"x":49,"y":21,"id":"MovingVerticalPlatform","tags":{"blockMove":3,"speed":1}},{"x":50,"y":9,"id":"MovingVerticalPlatform","tags":{"blockMove":3,"speed":1}},{"x":50,"y":21,"id":"MovingVerticalPlatform","tags":{"blockMove":3,"speed":1}},{"x":51,"y":9,"id":"MovingVerticalPlatform","tags":{"blockMove":3,"speed":1}},{"x":51,"y":21,"id":"MovingVerticalPlatform","tags":{"blockMove":3,"speed":1}},{"x":52,"y":9,"id":"MovingVerticalPlatform","tags":{"blockMove":3,"speed":1}},{"x":53,"y":14,"id":"MalusBlock","tags":{"animated":true}},{"x":53,"y":27,"id":"PowerUpBlock","tags":{"animated":true}},{"x":55,"y":11,"id":"PortalBlock","tags":{"id":68}},{"x":56,"y":3,"id":"PortalBlock","tags":{"id":61}},{"x":56,"y":25,"id":"PortalBlock","tags":{"id":59}}],"blocks":[{"x":0,"y":0,"id":"GroundBlock","tags":{"block":true}},{"x":0,"y":1,"id":"GroundBlock","tags":{"block":true}},{"x":0,"y":2,"id":"GroundBlock","tags":{"block":true}},{"x":0,"y":3,"id":"GroundBlock","tags":{"block":true}},{"x":0,"y":4,"id":"GroundBlock","tags":{"block":true}},{"x":0,"y":5,"id":"GroundBlock","tags":{"block":true}},{"x":0,"y":6,"id":"GroundBlock","tags":{"block":true}},{"x":0,"y":7,"id":"GroundBlock","tags":{"block":true}},{"x":0,"y":8,"id":"GroundBlock","tags":{"block":true}},{"x":0,"y":9,"id":"GroundBlock","tags":{"block":true}},{"x":0,"y":10,"id":"GroundBlock","tags":{"block":true}},{"x":0,"y":11,"id":"GroundBlock","tags":{"block":true}},{"x":0,"y":12,"id":"GroundBlock","tags":{"block":true}},{"x":0,"y":13,"id":"LeaveBlock","tags":{"block":true}},{"x":0,"y":14,"id":"LeaveBlock","tags":{"block":true}},{"x":0,"y":15,"id":"LeaveBlock","tags":{"block":true}},{"x":0,"y":16,"id":"LeaveBlock","tags":{"block":true}},{"x":0,"y":17,"id":"GroundBlock","tags":{"block":true}},{"x":0,"y":18,"id":"GroundBlock","tags":{"block":true}},{"x":0,"y":19,"id":"GroundBlock","tags":{"block":true}},{"x":0,"y":20,"id":"GroundBlock","tags":{"block":true}},{"x":0,"y":21,"id":"GroundBlock","tags":{"block":true}},{"x":0,"y":22,"id":"GroundBlock","tags":{"block":true}},{"x":0,"y":23,"id":"GroundBlock","tags":{"block":true}},{"x":0,"y":24,"id":"GroundBlock","tags":{"block":true}},{"x":0,"y":25,"id":"GroundBlock","tags":{"block":true}},{"x":0,"y":26,"id":"GroundBlock","tags":{"block":true}},{"x":0,"y":27,"id":"GroundBlock","tags":{"block":true}},{"x":0,"y":28,"id":"GroundBlock","tags":{"block":true}},{"x":0,"y":29,"id":"GroundBlock","tags":{"block":true}},{"x":1,"y":0,"id":"GroundBlock","tags":{"block":true}},{"x":1,"y":1,"id":"GroundBlock","tags":{"block":true}},{"x":1,"y":2,"id":"LeaveBlock","tags":{"block":true}},{"x":1,"y":3,"id":"LeaveBlock","tags":{"block":true}},{"x":1,"y":4,"id":"LeaveBlock","tags":{"block":true}},{"x":1,"y":25,"id":"GrassBlock","tags":{"block":true}},{"x":1,"y":26,"id":"GroundBlock","tags":{"block":true}},{"x":1,"y":27,"id":"GroundBlock","tags":{"block":true}},{"x":1,"y":28,"id":"GroundBlock","tags":{"block":true}},{"x":1,"y":29,"id":"GroundBlock","tags":{"block":true}},{"x":2,"y":0,"id":"GroundBlock","tags":{"block":true}},{"x":2,"y":1,"id":"GroundBlock","tags":{"block":true}},{"x":2,"y":2,"id":"LeaveBlock","tags":{"block":true}},{"x":2,"y":3,"id":"LeaveBlock","tags":{"block":true}},{"x":2,"y":25,"id":"GrassBlock","tags":{"block":true}},{"x":2,"y":26,"id":"GroundBlock","tags":{"block":true}},{"x":2,"y":27,"id":"GroundBlock","tags":{"block":true}},{"x":2,"y":28,"id":"GroundBlock","tags":{"block":true}},{"x":2,"y":29,"id":"GroundBlock","tags":{"block":true}},{"x":3,"y":0,"id":"GroundBlock","tags":{"block":true}},{"x":3,"y":1,"id":"GroundBlock","tags":{"block":true}},{"x":3,"y":2,"id":"LeaveBlock","tags":{"block":true}},{"x":3,"y":25,"id":"GrassBlock","tags":{"block":true}},{"x":3,"y":26,"id":"GroundBlock","tags":{"block":true}},{"x":3,"y":27,"id":"GroundBlock","tags":{"block":true}},{"x":3,"y":28,"id":"GroundBlock","tags":{"block":true}},{"x":3,"y":29,"id":"GroundBlock","tags":{"block":true}},{"x":4,"y":0,"id":"GroundBlock","tags":{"block":true}},{"x":4,"y":1,"id":"GroundBlock","tags":{"block":true}},{"x":4,"y":2,"id":"LeaveBlock","tags":{"block":true}},{"x":4,"y":25,"id":"SpawnerPoint","tags":{"block":true}},{"x":4,"y":26,"id":"GroundBlock","tags":{"block":true}},{"x":4,"y":27,"id":"GroundBlock","tags":{"block":true}},{"x":4,"y":28,"id":"GroundBlock","tags":{"block":true}},{"x":4,"y":29,"id":"GroundBlock","tags":{"block":true}},{"x":5,"y":0,"id":"GroundBlock","tags":{"block":true}},{"x":5,"y":1,"id":"GroundBlock","tags":{"block":true}},{"x":5,"y":2,"id":"GroundBlock","tags":{"block":true}},{"x":5,"y":11,"id":"GroundBlock","tags":{"block":true}},{"x":5,"y":25,"id":"GrassBlock","tags":{"block":true}},{"x":5,"y":26,"id":"GroundBlock","tags":{"block":true}},{"x":5,"y":27,"id":"GroundBlock","tags":{"block":true}},{"x":5,"y":28,"id":"GroundBlock","tags":{"block":true}},{"x":5,"y":29,"id":"GroundBlock","tags":{"block":true}},{"x":6,"y":0,"id":"GroundBlock","tags":{"block":true}},{"x":6,"y":1,"id":"GroundBlock","tags":{"block":true}},{"x":6,"y":2,"id":"GroundBlock","tags":{"block":true}},{"x":6,"y":10,"id":"GroundBlock","tags":{"block":true}},{"x":6,"y":11,"id":"GroundBlock","tags":{"block":true}},{"x":6,"y":12,"id":"GroundBlock","tags":{"block":true}},{"x":6,"y":25,"id":"GrassBlock","tags":{"block":true}},{"x":6,"y":26,"id":"GroundBlock","tags":{"block":true}},{"x":6,"y":27,"id":"GroundBlock","tags":{"block":true}},{"x":6,"y":28,"id":"GroundBlock","tags":{"block":true}},{"x":6,"y":29,"id":"GroundBlock","tags":{"block":true}},{"x":7,"y":0,"id":"GroundBlock","tags":{"block":true}},{"x":7,"y":1,"id":"GroundBlock","tags":{"block":true}},{"x":7,"y":2,"id":"GroundBlock","tags":{"block":true}},{"x":7,"y":3,"id":"GroundBlock","tags":{"block":true}},{"x":7,"y":4,"id":"GroundBlock","tags":{"block":true}},{"x":7,"y":5,"id":"GroundBlock","tags":{"block":true}},{"x":7,"y":6,"id":"GroundBlock","tags":{"block":true}},{"x":7,"y":7,"id":"GroundBlock","tags":{"block":true}},{"x":7,"y":8,"id":"GroundBlock","tags":{"block":true}},{"x":7,"y":9,"id":"GroundBlock","tags":{"block":true}},{"x":7,"y":10,"id":"GroundBlock","tags":{"block":true}},{"x":7,"y":11,"id":"GroundBlock","tags":{"block":true}},{"x":7,"y":12,"id":"GroundBlock","tags":{"block":true}},{"x":7,"y":16,"id":"LeaveBlock","tags":{"block":true}},{"x":7,"y":17,"id":"LeaveBlock","tags":{"block":true}},{"x":7,"y":18,"id":"LeaveBlock","tags":{"block":true}},{"x":7,"y":19,"id":"LeaveBlock","tags":{"block":true}},{"x":7,"y":25,"id":"GrassBlock","tags":{"block":true}},{"x":7,"y":26,"id":"GroundBlock","tags":{"block":true}},{"x":7,"y":27,"id":"GroundBlock","tags":{"block":true}},{"x":7,"y":28,"id":"GroundBlock","tags":{"block":true}},{"x":7,"y":29,"id":"GroundBlock","tags":{"block":true}},{"x":8,"y":0,"id":"GroundBlock","tags":{"block":true}},{"x":8,"y":1,"id":"GroundBlock","tags":{"block":true}},{"x":8,"y":2,"id":"GroundBlock","tags":{"block":true}},{"x":8,"y":3,"id":"GroundBlock","tags":{"block":true}},{"x":8,"y":4,"id":"GroundBlock","tags":{"block":true}},{"x":8,"y":5,"id":"GroundBlock","tags":{"block":true}},{"x":8,"y":6,"id":"GroundBlock","tags":{"block":true}},{"x":8,"y":7,"id":"GroundBlock","tags":{"block":true}},{"x":8,"y":8,"id":"GroundBlock","tags":{"block":true}},{"x":8,"y":9,"id":"GroundBlock","tags":{"block":true}},{"x":8,"y":16,"id":"GroundBlock","tags":{"block":true}},{"x":8,"y":25,"id":"GrassBlock","tags":{"block":true}},{"x":8,"y":26,"id":"GroundBlock","tags":{"block":true}},{"x":8,"y":27,"id":"GroundBlock","tags":{"block":true}},{"x":8,"y":28,"id":"GroundBlock","tags":{"block":true}},{"x":8,"y":29,"id":"GroundBlock","tags":{"block":true}},{"x":9,"y":0,"id":"GroundBlock","tags":{"block":true}},{"x":9,"y":1,"id":"GroundBlock","tags":{"block":true}},{"x":9,"y":2,"id":"GroundBlock","tags":{"block":true}},{"x":9,"y":3,"id":"GroundBlock","tags":{"block":true}},{"x":9,"y":4,"id":"GroundBlock","tags":{"block":true}},{"x":9,"y":5,"id":"GroundBlock","tags":{"block":true}},{"x":9,"y":6,"id":"GroundBlock","tags":{"block":true}},{"x":9,"y":7,"id":"GroundBlock","tags":{"block":true}},{"x":9,"y":8,"id":"GroundBlock","tags":{"block":true}},{"x":9,"y":9,"id":"GroundBlock","tags":{"block":true}},{"x":9,"y":10,"id":"GroundBlock","tags":{"block":true}},{"x":9,"y":11,"id":"GroundBlock","tags":{"block":true}},{"x":9,"y":12,"id":"GroundBlock","tags":{"block":true}},{"x":9,"y":16,"id":"GroundBlock","tags":{"block":true}},{"x":9,"y":17,"id":"GroundBlock","tags":{"block":true}},{"x":9,"y":18,"id":"GroundBlock","tags":{"block":true}},{"x":9,"y":19,"id":"GroundBlock","tags":{"block":true}},{"x":9,"y":27,"id":"GrassBlock","tags":{"block":true}},{"x":9,"y":28,"id":"GroundBlock","tags":{"block":true}},{"x":9,"y":29,"id":"GroundBlock","tags":{"block":true}},{"x":10,"y":0,"id":"GroundBlock","tags":{"block":true}},{"x":10,"y":1,"id":"GroundBlock","tags":{"block":true}},{"x":10,"y":2,"id":"GroundBlock","tags":{"block":true}},{"x":10,"y":3,"id":"GroundBlock","tags":{"block":true}},{"x":10,"y":4,"id":"LeaveBlock","tags":{"block":true}},{"x":10,"y":5,"id":"LeaveBlock","tags":{"block":true}},{"x":10,"y":9,"id":"GrassBlock","tags":{"block":true}},{"x":10,"y":10,"id":"GroundBlock","tags":{"block":true}},{"x":10,"y":11,"id":"GroundBlock","tags":{"block":true}},{"x":10,"y":12,"id":"GroundBlock","tags":{"block":true}},{"x":10,"y":16,"id":"GroundBlock","tags":{"block":true}},{"x":10,"y":17,"id":"GroundBlock","tags":{"block":true}},{"x":10,"y":18,"id":"GroundBlock","tags":{"block":true}},{"x":10,"y":19,"id":"GroundBlock","tags":{"block":true}},{"x":10,"y":29,"id":"GrassBlock","tags":{"block":true}},{"x":11,"y":0,"id":"GroundBlock","tags":{"block":true}},{"x":11,"y":1,"id":"GroundBlock","tags":{"block":true}},{"x":11,"y":2,"id":"GroundBlock","tags":{"block":true}},{"x":11,"y":3,"id":"GroundBlock","tags":{"block":true}},{"x":11,"y":4,"id":"LeaveBlock","tags":{"block":true}},{"x":11,"y":10,"id":"GroundBlock","tags":{"block":true}},{"x":11,"y":11,"id":"GroundBlock","tags":{"block":true}},{"x":11,"y":12,"id":"GroundBlock","tags":{"block":true}},{"x":11,"y":16,"id":"GroundBlock","tags":{"block":true}},{"x":11,"y":17,"id":"GroundBlock","tags":{"block":true}},{"x":11,"y":18,"id":"GroundBlock","tags":{"block":true}},{"x":11,"y":19,"id":"LeaveBlock","tags":{"block":true}},{"x":11,"y":20,"id":"LeaveBlock","tags":{"block":true}},{"x":11,"y":29,"id":"GrassBlock","tags":{"block":true}},{"x":12,"y":0,"id":"GroundBlock","tags":{"block":true}},{"x":12,"y":1,"id":"GroundBlock","tags":{"block":true}},{"x":12,"y":2,"id":"GroundBlock","tags":{"block":true}},{"x":12,"y":3,"id":"GroundBlock","tags":{"block":true}},{"x":12,"y":4,"id":"LeaveBlock","tags":{"block":true}},{"x":12,"y":10,"id":"GroundBlock","tags":{"block":true}},{"x":12,"y":11,"id":"GroundBlock","tags":{"block":true}},{"x":12,"y":12,"id":"GroundBlock","tags":{"block":true}},{"x":12,"y":16,"id":"GroundBlock","tags":{"block":true}},{"x":12,"y":17,"id":"GroundBlock","tags":{"block":true}},{"x":12,"y":18,"id":"GroundBlock","tags":{"block":true}},{"x":12,"y":19,"id":"LeaveBlock","tags":{"block":true}},{"x":12,"y":29,"id":"GrassBlock","tags":{"block":true}},{"x":13,"y":0,"id":"GroundBlock","tags":{"block":true}},{"x":13,"y":1,"id":"GroundBlock","tags":{"block":true}},{"x":13,"y":2,"id":"GroundBlock","tags":{"block":true}},{"x":13,"y":3,"id":"GroundBlock","tags":{"block":true}},{"x":13,"y":4,"id":"GroundBlock","tags":{"block":true}},{"x":13,"y":10,"id":"GroundBlock","tags":{"block":true}},{"x":13,"y":11,"id":"GroundBlock","tags":{"block":true}},{"x":13,"y":12,"id":"GroundBlock","tags":{"block":true}},{"x":13,"y":16,"id":"GroundBlock","tags":{"block":true}},{"x":13,"y":18,"id":"GroundBlock","tags":{"block":true}},{"x":13,"y":19,"id":"GroundBlock","tags":{"block":true}},{"x":13,"y":24,"id":"GrassBlock","tags":{"block":true}},{"x":13,"y":25,"id":"GroundBlock","tags":{"block":true}},{"x":13,"y":26,"id":"GroundBlock","tags":{"block":true}},{"x":14,"y":0,"id":"GroundBlock","tags":{"block":true}},{"x":14,"y":1,"id":"GroundBlock","tags":{"block":true}},{"x":14,"y":2,"id":"GroundBlock","tags":{"block":true}},{"x":14,"y":3,"id":"GroundBlock","tags":{"block":true}},{"x":14,"y":4,"id":"GroundBlock","tags":{"block":true}},{"x":14,"y":10,"id":"GroundBlock","tags":{"block":true}},{"x":14,"y":11,"id":"GroundBlock","tags":{"block":true}},{"x":14,"y":12,"id":"GroundBlock","tags":{"block":true}},{"x":14,"y":16,"id":"GroundBlock","tags":{"block":true}},{"x":14,"y":18,"id":"GroundBlock","tags":{"block":true}},{"x":14,"y":23,"id":"GrassBlock","tags":{"block":true}},{"x":14,"y":24,"id":"GroundBlock","tags":{"block":true}},{"x":14,"y":25,"id":"GroundBlock","tags":{"block":true}},{"x":14,"y":26,"id":"GroundBlock","tags":{"block":true}},{"x":14,"y":29,"id":"GrassBlock","tags":{"block":true}},{"x":15,"y":0,"id":"GroundBlock","tags":{"block":true}},{"x":15,"y":1,"id":"GroundBlock","tags":{"block":true}},{"x":15,"y":2,"id":"GroundBlock","tags":{"block":true}},{"x":15,"y":3,"id":"GroundBlock","tags":{"block":true}},{"x":15,"y":4,"id":"GroundBlock","tags":{"block":true}},{"x":15,"y":11,"id":"GroundBlock","tags":{"block":true}},{"x":15,"y":12,"id":"GroundBlock","tags":{"block":true}},{"x":15,"y":16,"id":"GroundBlock","tags":{"block":true}},{"x":15,"y":22,"id":"GrassBlock","tags":{"block":true}},{"x":15,"y":23,"id":"GroundBlock","tags":{"block":true}},{"x":15,"y":24,"id":"GroundBlock","tags":{"block":true}},{"x":15,"y":25,"id":"GroundBlock","tags":{"block":true}},{"x":15,"y":26,"id":"GroundBlock","tags":{"block":true}},{"x":15,"y":29,"id":"GrassBlock","tags":{"block":true}},{"x":16,"y":0,"id":"GroundBlock","tags":{"block":true}},{"x":16,"y":1,"id":"GroundBlock","tags":{"block":true}},{"x":16,"y":2,"id":"GroundBlock","tags":{"block":true}},{"x":16,"y":3,"id":"GroundBlock","tags":{"block":true}},{"x":16,"y":4,"id":"GroundBlock","tags":{"block":true}},{"x":16,"y":5,"id":"GroundBlock","tags":{"block":true}},{"x":16,"y":12,"id":"GroundBlock","tags":{"block":true}},{"x":16,"y":16,"id":"GroundBlock","tags":{"block":true}},{"x":16,"y":21,"id":"GrassBlock","tags":{"block":true}},{"x":16,"y":22,"id":"GroundBlock","tags":{"block":true}},{"x":16,"y":23,"id":"GroundBlock","tags":{"block":true}},{"x":16,"y":24,"id":"GroundBlock","tags":{"block":true}},{"x":16,"y":25,"id":"GroundBlock","tags":{"block":true}},{"x":16,"y":26,"id":"GroundBlock","tags":{"block":true}},{"x":16,"y":29,"id":"GrassBlock","tags":{"block":true}},{"x":17,"y":0,"id":"GroundBlock","tags":{"block":true}},{"x":17,"y":1,"id":"GroundBlock","tags":{"block":true}},{"x":17,"y":2,"id":"GroundBlock","tags":{"block":true}},{"x":17,"y":3,"id":"GroundBlock","tags":{"block":true}},{"x":17,"y":4,"id":"GroundBlock","tags":{"block":true}},{"x":17,"y":5,"id":"GroundBlock","tags":{"block":true}},{"x":17,"y":6,"id":"GroundBlock","tags":{"block":true}},{"x":17,"y":7,"id":"GroundBlock","tags":{"block":true}},{"x":17,"y":8,"id":"GroundBlock","tags":{"block":true}},{"x":17,"y":20,"id":"GrassBlock","tags":{"block":true}},{"x":17,"y":21,"id":"GroundBlock","tags":{"block":true}},{"x":17,"y":22,"id":"GroundBlock","tags":{"block":true}},{"x":17,"y":23,"id":"GroundBlock","tags":{"block":true}},{"x":17,"y":24,"id":"GroundBlock","tags":{"block":true}},{"x":17,"y":25,"id":"GroundBlock","tags":{"block":true}},{"x":17,"y":26,"id":"GroundBlock","tags":{"block":true}},{"x":17,"y":29,"id":"GrassBlock","tags":{"block":true}},{"x":18,"y":0,"id":"GroundBlock","tags":{"block":true}},{"x":18,"y":1,"id":"GroundBlock","tags":{"block":true}},{"x":18,"y":2,"id":"GroundBlock","tags":{"block":true}},{"x":18,"y":3,"id":"GroundBlock","tags":{"block":true}},{"x":18,"y":4,"id":"GroundBlock","tags":{"block":true}},{"x":18,"y":5,"id":"GroundBlock","tags":{"block":true}},{"x":18,"y":6,"id":"GroundBlock","tags":{"block":true}},{"x":18,"y":7,"id":"GroundBlock","tags":{"block":true}},{"x":18,"y":8,"id":"GroundBlock","tags":{"block":true}},{"x":18,"y":9,"id":"GroundBlock","tags":{"block":true}},{"x":18,"y":19,"id":"GrassBlock","tags":{"block":true}},{"x":18,"y":20,"id":"GroundBlock","tags":{"block":true}},{"x":18,"y":21,"id":"GroundBlock","tags":{"block":true}},{"x":18,"y":22,"id":"GroundBlock","tags":{"block":true}},{"x":18,"y":23,"id":"GroundBlock","tags":{"block":true}},{"x":18,"y":24,"id":"GroundBlock","tags":{"block":true}},{"x":18,"y":25,"id":"GroundBlock","tags":{"block":true}},{"x":18,"y":26,"id":"GroundBlock","tags":{"block":true}},{"x":18,"y":29,"id":"GrassBlock","tags":{"block":true}},{"x":19,"y":0,"id":"GroundBlock","tags":{"block":true}},{"x":19,"y":1,"id":"GroundBlock","tags":{"block":true}},{"x":19,"y":2,"id":"GroundBlock","tags":{"block":true}},{"x":19,"y":3,"id":"GroundBlock","tags":{"block":true}},{"x":19,"y":4,"id":"GroundBlock","tags":{"block":true}},{"x":19,"y":5,"id":"GroundBlock","tags":{"block":true}},{"x":19,"y":6,"id":"GroundBlock","tags":{"block":true}},{"x":19,"y":7,"id":"GroundBlock","tags":{"block":true}},{"x":19,"y":8,"id":"GroundBlock","tags":{"block":true}},{"x":19,"y":9,"id":"GroundBlock","tags":{"block":true}},{"x":19,"y":10,"id":"GroundBlock","tags":{"block":true}},{"x":19,"y":18,"id":"GrassBlock","tags":{"block":true}},{"x":19,"y":19,"id":"GroundBlock","tags":{"block":true}},{"x":19,"y":20,"id":"GroundBlock","tags":{"block":true}},{"x":19,"y":21,"id":"GroundBlock","tags":{"block":true}},{"x":19,"y":22,"id":"GroundBlock","tags":{"block":true}},{"x":19,"y":23,"id":"GroundBlock","tags":{"block":true}},{"x":19,"y":24,"id":"GroundBlock","tags":{"block":true}},{"x":19,"y":25,"id":"GroundBlock","tags":{"block":true}},{"x":19,"y":26,"id":"GroundBlock","tags":{"block":true}},{"x":19,"y":29,"id":"GrassBlock","tags":{"block":true}},{"x":20,"y":0,"id":"GroundBlock","tags":{"block":true}},{"x":20,"y":1,"id":"GroundBlock","tags":{"block":true}},{"x":20,"y":2,"id":"GroundBlock","tags":{"block":true}},{"x":20,"y":3,"id":"GroundBlock","tags":{"block":true}},{"x":20,"y":4,"id":"GroundBlock","tags":{"block":true}},{"x":20,"y":5,"id":"GroundBlock","tags":{"block":true}},{"x":20,"y":6,"id":"GroundBlock","tags":{"block":true}},{"x":20,"y":7,"id":"GroundBlock","tags":{"block":true}},{"x":20,"y":8,"id":"GroundBlock","tags":{"block":true}},{"x":20,"y":9,"id":"GroundBlock","tags":{"block":true}},{"x":20,"y":10,"id":"GroundBlock","tags":{"block":true}},{"x":20,"y":11,"id":"GroundBlock","tags":{"block":true}},{"x":20,"y":17,"id":"GrassBlock","tags":{"block":true}},{"x":20,"y":18,"id":"GroundBlock","tags":{"block":true}},{"x":20,"y":19,"id":"GroundBlock","tags":{"block":true}},{"x":20,"y":20,"id":"GroundBlock","tags":{"block":true}},{"x":20,"y":21,"id":"GroundBlock","tags":{"block":true}},{"x":20,"y":22,"id":"GroundBlock","tags":{"block":true}},{"x":20,"y":23,"id":"GroundBlock","tags":{"block":true}},{"x":20,"y":24,"id":"GroundBlock","tags":{"block":true}},{"x":20,"y":25,"id":"GroundBlock","tags":{"block":true}},{"x":20,"y":26,"id":"GroundBlock","tags":{"block":true}},{"x":20,"y":29,"id":"GrassBlock","tags":{"block":true}},{"x":21,"y":0,"id":"GroundBlock","tags":{"block":true}},{"x":21,"y":1,"id":"GroundBlock","tags":{"block":true}},{"x":21,"y":2,"id":"GroundBlock","tags":{"block":true}},{"x":21,"y":3,"id":"GroundBlock","tags":{"block":true}},{"x":21,"y":7,"id":"GrassBlock","tags":{"block":true}},{"x":21,"y":8,"id":"GroundBlock","tags":{"block":true}},{"x":21,"y":9,"id":"GroundBlock","tags":{"block":true}},{"x":21,"y":10,"id":"GroundBlock","tags":{"block":true}},{"x":21,"y":11,"id":"GroundBlock","tags":{"block":true}},{"x":21,"y":12,"id":"GroundBlock","tags":{"block":true}},{"x":21,"y":16,"id":"GrassBlock","tags":{"block":true}},{"x":21,"y":17,"id":"GroundBlock","tags":{"block":true}},{"x":21,"y":18,"id":"GroundBlock","tags":{"block":true}},{"x":21,"y":19,"id":"GroundBlock","tags":{"block":true}},{"x":21,"y":20,"id":"GroundBlock","tags":{"block":true}},{"x":21,"y":21,"id":"GroundBlock","tags":{"block":true}},{"x":21,"y":22,"id":"GroundBlock","tags":{"block":true}},{"x":21,"y":26,"id":"GrassBlock","tags":{"block":true}},{"x":21,"y":29,"id":"GrassBlock","tags":{"block":true}},{"x":22,"y":0,"id":"GroundBlock","tags":{"block":true}},{"x":22,"y":1,"id":"GroundBlock","tags":{"block":true}},{"x":22,"y":2,"id":"GroundBlock","tags":{"block":true}},{"x":22,"y":7,"id":"GrassBlock","tags":{"block":true}},{"x":22,"y":8,"id":"GroundBlock","tags":{"block":true}},{"x":22,"y":9,"id":"GroundBlock","tags":{"block":true}},{"x":22,"y":10,"id":"GroundBlock","tags":{"block":true}},{"x":22,"y":11,"id":"GroundBlock","tags":{"block":true}},{"x":22,"y":12,"id":"GroundBlock","tags":{"block":true}},{"x":22,"y":16,"id":"GrassBlock","tags":{"block":true}},{"x":22,"y":17,"id":"GroundBlock","tags":{"block":true}},{"x":22,"y":18,"id":"GroundBlock","tags":{"block":true}},{"x":22,"y":19,"id":"GroundBlock","tags":{"block":true}},{"x":22,"y":20,"id":"GroundBlock","tags":{"block":true}},{"x":22,"y":21,"id":"GroundBlock","tags":{"block":true}},{"x":22,"y":26,"id":"GrassBlock","tags":{"block":true}},{"x":22,"y":29,"id":"GrassBlock","tags":{"block":true}},{"x":23,"y":0,"id":"GroundBlock","tags":{"block":true}},{"x":23,"y":1,"id":"GroundBlock","tags":{"block":true}},{"x":23,"y":7,"id":"GrassBlock","tags":{"block":true}},{"x":23,"y":8,"id":"GroundBlock","tags":{"block":true}},{"x":23,"y":9,"id":"GroundBlock","tags":{"block":true}},{"x":23,"y":10,"id":"GroundBlock","tags":{"block":true}},{"x":23,"y":11,"id":"GroundBlock","tags":{"block":true}},{"x":23,"y":12,"id":"GroundBlock","tags":{"block":true}},{"x":23,"y":16,"id":"SpawnerPoint","tags":{"block":true}},{"x":23,"y":17,"id":"GroundBlock","tags":{"block":true}},{"x":23,"y":18,"id":"GroundBlock","tags":{"block":true}},{"x":23,"y":19,"id":"GroundBlock","tags":{"block":true}},{"x":23,"y":20,"id":"GroundBlock","tags":{"block":true}},{"x":23,"y":21,"id":"GroundBlock","tags":{"block":true}},{"x":23,"y":26,"id":"GrassBlock","tags":{"block":true}},{"x":23,"y":29,"id":"GrassBlock","tags":{"block":true}},{"x":24,"y":0,"id":"GroundBlock","tags":{"block":true}},{"x":24,"y":1,"id":"GroundBlock","tags":{"block":true}},{"x":24,"y":7,"id":"GrassBlock","tags":{"block":true}},{"x":24,"y":8,"id":"GroundBlock","tags":{"block":true}},{"x":24,"y":9,"id":"GroundBlock","tags":{"block":true}},{"x":24,"y":10,"id":"GroundBlock","tags":{"block":true}},{"x":24,"y":11,"id":"GroundBlock","tags":{"block":true}},{"x":24,"y":12,"id":"GroundBlock","tags":{"block":true}},{"x":24,"y":16,"id":"GrassBlock","tags":{"block":true}},{"x":24,"y":17,"id":"GroundBlock","tags":{"block":true}},{"x":24,"y":18,"id":"GroundBlock","tags":{"block":true}},{"x":24,"y":19,"id":"GroundBlock","tags":{"block":true}},{"x":24,"y":20,"id":"GroundBlock","tags":{"block":true}},{"x":24,"y":21,"id":"GroundBlock","tags":{"block":true}},{"x":24,"y":26,"id":"SpawnerPoint","tags":{"block":true}},{"x":24,"y":29,"id":"GrassBlock","tags":{"block":true}},{"x":25,"y":0,"id":"GroundBlock","tags":{"block":true}},{"x":25,"y":4,"id":"LeaveBlock","tags":{"block":true}},{"x":25,"y":5,"id":"LeaveBlock","tags":{"block":true}},{"x":25,"y":8,"id":"GroundBlock","tags":{"block":true}},{"x":25,"y":9,"id":"GroundBlock","tags":{"block":true}},{"x":25,"y":10,"id":"GroundBlock","tags":{"block":true}},{"x":25,"y":11,"id":"GroundBlock","tags":{"block":true}},{"x":25,"y":12,"id":"GroundBlock","tags":{"block":true}},{"x":25,"y":16,"id":"GrassBlock","tags":{"block":true}},{"x":25,"y":17,"id":"GroundBlock","tags":{"block":true}},{"x":25,"y":18,"id":"GroundBlock","tags":{"block":true}},{"x":25,"y":19,"id":"GroundBlock","tags":{"block":true}},{"x":25,"y":20,"id":"GroundBlock","tags":{"block":true}},{"x":25,"y":21,"id":"GroundBlock","tags":{"block":true}},{"x":25,"y":26,"id":"GrassBlock","tags":{"block":true}},{"x":26,"y":0,"id":"GroundBlock","tags":{"block":true}},{"x":26,"y":3,"id":"LeaveBlock","tags":{"block":true}},{"x":26,"y":4,"id":"LeaveBlock","tags":{"block":true}},{"x":26,"y":5,"id":"LeaveBlock","tags":{"block":true}},{"x":26,"y":7,"id":"GrassBlock","tags":{"block":true}},{"x":26,"y":8,"id":"GroundBlock","tags":{"block":true}},{"x":26,"y":9,"id":"LeaveBlock","tags":{"block":true}},{"x":26,"y":10,"id":"LeaveBlock","tags":{"block":true}},{"x":26,"y":11,"id":"LeaveBlock","tags":{"block":true}},{"x":26,"y":18,"id":"GrassBlock","tags":{"block":true}},{"x":26,"y":19,"id":"GroundBlock","tags":{"block":true}},{"x":26,"y":20,"id":"GroundBlock","tags":{"block":true}},{"x":26,"y":21,"id":"LeaveBlock","tags":{"block":true}},{"x":26,"y":22,"id":"LeaveBlock","tags":{"block":true}},{"x":26,"y":29,"id":"GrassBlock","tags":{"block":true}},{"x":27,"y":0,"id":"GroundBlock","tags":{"block":true}},{"x":27,"y":1,"id":"GroundBlock","tags":{"block":true}},{"x":27,"y":3,"id":"LeaveBlock","tags":{"block":true}},{"x":27,"y":4,"id":"LeaveBlock","tags":{"block":true}},{"x":27,"y":5,"id":"WoodBlock","tags":{"block":true}},{"x":27,"y":6,"id":"WoodBlock","tags":{"block":true}},{"x":27,"y":7,"id":"GrassBlock","tags":{"block":true}},{"x":27,"y":8,"id":"GroundBlock","tags":{"block":true}},{"x":27,"y":9,"id":"LeaveBlock","tags":{"block":true}},{"x":27,"y":10,"id":"LeaveBlock","tags":{"block":true}},{"x":27,"y":11,"id":"LeaveBlock","tags":{"block":true}},{"x":27,"y":12,"id":"LeaveBlock","tags":{"block":true}},{"x":27,"y":19,"id":"GrassBlock","tags":{"block":true}},{"x":27,"y":20,"id":"GroundBlock","tags":{"block":true}},{"x":27,"y":21,"id":"GroundBlock","tags":{"block":true}},{"x":27,"y":26,"id":"GrassBlock","tags":{"block":true}},{"x":27,"y":29,"id":"GrassBlock","tags":{"block":true}},{"x":28,"y":0,"id":"GroundBlock","tags":{"block":true}},{"x":28,"y":1,"id":"GroundBlock","tags":{"block":true}},{"x":28,"y":3,"id":"LeaveBlock","tags":{"block":true}},{"x":28,"y":4,"id":"LeaveBlock","tags":{"block":true}},{"x":28,"y":5,"id":"LeaveBlock","tags":{"block":true}},{"x":28,"y":7,"id":"GrassBlock","tags":{"block":true}},{"x":28,"y":8,"id":"GroundBlock","tags":{"block":true}},{"x":28,"y":9,"id":"LeaveBlock","tags":{"block":true}},{"x":28,"y":19,"id":"GrassBlock","tags":{"block":true}},{"x":28,"y":20,"id":"GroundBlock","tags":{"block":true}},{"x":28,"y":21,"id":"GroundBlock","tags":{"block":true}},{"x":28,"y":26,"id":"GrassBlock","tags":{"block":true}},{"x":28,"y":29,"id":"GrassBlock","tags":{"block":true}},{"x":29,"y":0,"id":"GroundBlock","tags":{"block":true}},{"x":29,"y":1,"id":"GroundBlock","tags":{"block":true}},{"x":29,"y":4,"id":"LeaveBlock","tags":{"block":true}},{"x":29,"y":5,"id":"LeaveBlock","tags":{"block":true}},{"x":29,"y":29,"id":"GrassBlock","tags":{"block":true}},{"x":30,"y":0,"id":"GroundBlock","tags":{"block":true}},{"x":30,"y":1,"id":"GroundBlock","tags":{"block":true}},{"x":30,"y":29,"id":"GrassBlock","tags":{"block":true}},{"x":31,"y":0,"id":"GroundBlock","tags":{"block":true}},{"x":31,"y":1,"id":"GroundBlock","tags":{"block":true}},{"x":31,"y":29,"id":"GrassBlock","tags":{"block":true}},{"x":32,"y":0,"id":"GroundBlock","tags":{"block":true}},{"x":32,"y":1,"id":"GroundBlock","tags":{"block":true}},{"x":32,"y":7,"id":"GrassBlock","tags":{"block":true}},{"x":32,"y":8,"id":"GroundBlock","tags":{"block":true}},{"x":32,"y":9,"id":"GroundBlock","tags":{"block":true}},{"x":32,"y":19,"id":"GrassBlock","tags":{"block":true}},{"x":32,"y":20,"id":"GroundBlock","tags":{"block":true}},{"x":32,"y":21,"id":"GroundBlock","tags":{"block":true}},{"x":32,"y":26,"id":"GrassBlock","tags":{"block":true}},{"x":32,"y":27,"id":"GroundBlock","tags":{"block":true}},{"x":32,"y":28,"id":"GroundBlock","tags":{"block":true}},{"x":32,"y":29,"id":"GroundBlock","tags":{"block":true}},{"x":33,"y":0,"id":"GroundBlock","tags":{"block":true}},{"x":33,"y":1,"id":"GroundBlock","tags":{"block":true}},{"x":33,"y":7,"id":"GrassBlock","tags":{"block":true}},{"x":33,"y":8,"id":"GroundBlock","tags":{"block":true}},{"x":33,"y":9,"id":"GroundBlock","tags":{"block":true}},{"x":33,"y":19,"id":"GrassBlock","tags":{"block":true}},{"x":33,"y":20,"id":"GroundBlock","tags":{"block":true}},{"x":33,"y":21,"id":"GroundBlock","tags":{"block":true}},{"x":33,"y":26,"id":"GrassBlock","tags":{"block":true}},{"x":33,"y":27,"id":"GroundBlock","tags":{"block":true}},{"x":33,"y":28,"id":"GroundBlock","tags":{"block":true}},{"x":33,"y":29,"id":"GroundBlock","tags":{"block":true}},{"x":34,"y":0,"id":"GroundBlock","tags":{"block":true}},{"x":34,"y":1,"id":"LeaveBlock","tags":{"block":true}},{"x":34,"y":7,"id":"GrassBlock","tags":{"block":true}},{"x":34,"y":8,"id":"GroundBlock","tags":{"block":true}},{"x":34,"y":9,"id":"GroundBlock","tags":{"block":true}},{"x":34,"y":10,"id":"GroundBlock","tags":{"block":true}},{"x":34,"y":18,"id":"GrassBlock","tags":{"block":true}},{"x":34,"y":19,"id":"GroundBlock","tags":{"block":true}},{"x":34,"y":20,"id":"GroundBlock","tags":{"block":true}},{"x":34,"y":21,"id":"GroundBlock","tags":{"block":true}},{"x":34,"y":27,"id":"GroundBlock","tags":{"block":true}},{"x":34,"y":28,"id":"GroundBlock","tags":{"block":true}},{"x":34,"y":29,"id":"GroundBlock","tags":{"block":true}},{"x":35,"y":0,"id":"GroundBlock","tags":{"block":true}},{"x":35,"y":1,"id":"LeaveBlock","tags":{"block":true}},{"x":35,"y":8,"id":"GroundBlock","tags":{"block":true}},{"x":35,"y":9,"id":"GroundBlock","tags":{"block":true}},{"x":35,"y":10,"id":"GroundBlock","tags":{"block":true}},{"x":35,"y":11,"id":"GroundBlock","tags":{"block":true}},{"x":35,"y":12,"id":"GroundBlock","tags":{"block":true}},{"x":35,"y":16,"id":"GrassBlock","tags":{"block":true}},{"x":35,"y":17,"id":"GroundBlock","tags":{"block":true}},{"x":35,"y":18,"id":"GroundBlock","tags":{"block":true}},{"x":35,"y":19,"id":"GroundBlock","tags":{"block":true}},{"x":35,"y":20,"id":"GroundBlock","tags":{"block":true}},{"x":35,"y":21,"id":"GroundBlock","tags":{"block":true}},{"x":35,"y":26,"id":"GrassBlock","tags":{"block":true}},{"x":35,"y":27,"id":"GroundBlock","tags":{"block":true}},{"x":35,"y":28,"id":"GroundBlock","tags":{"block":true}},{"x":35,"y":29,"id":"GroundBlock","tags":{"block":true}},{"x":36,"y":0,"id":"GroundBlock","tags":{"block":true}},{"x":36,"y":1,"id":"LeaveBlock","tags":{"block":true}},{"x":36,"y":7,"id":"GrassBlock","tags":{"block":true}},{"x":36,"y":8,"id":"GroundBlock","tags":{"block":true}},{"x":36,"y":9,"id":"GroundBlock","tags":{"block":true}},{"x":36,"y":10,"id":"GroundBlock","tags":{"block":true}},{"x":36,"y":11,"id":"GroundBlock","tags":{"block":true}},{"x":36,"y":12,"id":"GroundBlock","tags":{"block":true}},{"x":36,"y":16,"id":"GrassBlock","tags":{"block":true}},{"x":36,"y":17,"id":"GroundBlock","tags":{"block":true}},{"x":36,"y":18,"id":"GroundBlock","tags":{"block":true}},{"x":36,"y":19,"id":"GroundBlock","tags":{"block":true}},{"x":36,"y":20,"id":"GroundBlock","tags":{"block":true}},{"x":36,"y":21,"id":"GroundBlock","tags":{"block":true}},{"x":36,"y":26,"id":"GrassBlock","tags":{"block":true}},{"x":36,"y":27,"id":"GroundBlock","tags":{"block":true}},{"x":36,"y":28,"id":"GroundBlock","tags":{"block":true}},{"x":36,"y":29,"id":"GroundBlock","tags":{"block":true}},{"x":37,"y":0,"id":"GroundBlock","tags":{"block":true}},{"x":37,"y":1,"id":"LeaveBlock","tags":{"block":true}},{"x":37,"y":7,"id":"GrassBlock","tags":{"block":true}},{"x":37,"y":8,"id":"GroundBlock","tags":{"block":true}},{"x":37,"y":9,"id":"GroundBlock","tags":{"block":true}},{"x":37,"y":10,"id":"GroundBlock","tags":{"block":true}},{"x":37,"y":11,"id":"GroundBlock","tags":{"block":true}},{"x":37,"y":12,"id":"GroundBlock","tags":{"block":true}},{"x":37,"y":16,"id":"SpawnerPoint","tags":{"block":true}},{"x":37,"y":17,"id":"GroundBlock","tags":{"block":true}},{"x":37,"y":18,"id":"GroundBlock","tags":{"block":true}},{"x":37,"y":19,"id":"GroundBlock","tags":{"block":true}},{"x":37,"y":20,"id":"GroundBlock","tags":{"block":true}},{"x":37,"y":21,"id":"GroundBlock","tags":{"block":true}},{"x":37,"y":26,"id":"SpawnerPoint","tags":{"block":true}},{"x":37,"y":27,"id":"GroundBlock","tags":{"block":true}},{"x":37,"y":28,"id":"GroundBlock","tags":{"block":true}},{"x":37,"y":29,"id":"GroundBlock","tags":{"block":true}},{"x":38,"y":0,"id":"GroundBlock","tags":{"block":true}},{"x":38,"y":1,"id":"LeaveBlock","tags":{"block":true}},{"x":38,"y":7,"id":"GrassBlock","tags":{"block":true}},{"x":38,"y":8,"id":"GroundBlock","tags":{"block":true}},{"x":38,"y":9,"id":"GroundBlock","tags":{"block":true}},{"x":38,"y":10,"id":"GroundBlock","tags":{"block":true}},{"x":38,"y":11,"id":"GroundBlock","tags":{"block":true}},{"x":38,"y":12,"id":"GroundBlock","tags":{"block":true}},{"x":38,"y":16,"id":"GrassBlock","tags":{"block":true}},{"x":38,"y":17,"id":"GroundBlock","tags":{"block":true}},{"x":38,"y":18,"id":"GroundBlock","tags":{"block":true}},{"x":38,"y":19,"id":"GroundBlock","tags":{"block":true}},{"x":38,"y":20,"id":"GroundBlock","tags":{"block":true}},{"x":38,"y":21,"id":"GroundBlock","tags":{"block":true}},{"x":38,"y":26,"id":"GrassBlock","tags":{"block":true}},{"x":38,"y":27,"id":"GroundBlock","tags":{"block":true}},{"x":38,"y":28,"id":"GroundBlock","tags":{"block":true}},{"x":38,"y":29,"id":"GroundBlock","tags":{"block":true}},{"x":39,"y":0,"id":"GroundBlock","tags":{"block":true}},{"x":39,"y":1,"id":"GroundBlock","tags":{"block":true}},{"x":39,"y":2,"id":"GroundBlock","tags":{"block":true}},{"x":39,"y":7,"id":"GrassBlock","tags":{"block":true}},{"x":39,"y":8,"id":"GroundBlock","tags":{"block":true}},{"x":39,"y":9,"id":"GroundBlock","tags":{"block":true}},{"x":39,"y":10,"id":"GroundBlock","tags":{"block":true}},{"x":39,"y":11,"id":"GroundBlock","tags":{"block":true}},{"x":39,"y":12,"id":"GroundBlock","tags":{"block":true}},{"x":39,"y":16,"id":"GrassBlock","tags":{"block":true}},{"x":39,"y":17,"id":"GroundBlock","tags":{"block":true}},{"x":39,"y":18,"id":"GroundBlock","tags":{"block":true}},{"x":39,"y":19,"id":"GroundBlock","tags":{"block":true}},{"x":39,"y":20,"id":"GroundBlock","tags":{"block":true}},{"x":39,"y":21,"id":"LeaveBlock","tags":{"block":true}},{"x":39,"y":22,"id":"LeaveBlock","tags":{"block":true}},{"x":39,"y":26,"id":"GrassBlock","tags":{"block":true}},{"x":39,"y":27,"id":"GroundBlock","tags":{"block":true}},{"x":39,"y":28,"id":"GroundBlock","tags":{"block":true}},{"x":39,"y":29,"id":"GroundBlock","tags":{"block":true}},{"x":40,"y":0,"id":"GroundBlock","tags":{"block":true}},{"x":40,"y":1,"id":"GroundBlock","tags":{"block":true}},{"x":40,"y":2,"id":"GroundBlock","tags":{"block":true}},{"x":40,"y":3,"id":"GroundBlock","tags":{"block":true}},{"x":40,"y":7,"id":"GrassBlock","tags":{"block":true}},{"x":40,"y":8,"id":"LeaveBlock","tags":{"block":true}},{"x":40,"y":19,"id":"GrassBlock","tags":{"block":true}},{"x":40,"y":20,"id":"GroundBlock","tags":{"block":true}},{"x":40,"y":21,"id":"GroundBlock","tags":{"block":true}},{"x":40,"y":22,"id":"LeaveBlock","tags":{"block":true}},{"x":40,"y":23,"id":"LeaveBlock","tags":{"block":true}},{"x":40,"y":25,"id":"GroundBlock","tags":{"block":true}},{"x":40,"y":26,"id":"GrassBlock","tags":{"block":true}},{"x":40,"y":27,"id":"GroundBlock","tags":{"block":true}},{"x":40,"y":28,"id":"GroundBlock","tags":{"block":true}},{"x":40,"y":29,"id":"GroundBlock","tags":{"block":true}},{"x":41,"y":0,"id":"GroundBlock","tags":{"block":true}},{"x":41,"y":1,"id":"GroundBlock","tags":{"block":true}},{"x":41,"y":2,"id":"GroundBlock","tags":{"block":true}},{"x":41,"y":3,"id":"GroundBlock","tags":{"block":true}},{"x":41,"y":4,"id":"GroundBlock","tags":{"block":true}},{"x":41,"y":5,"id":"GroundBlock","tags":{"block":true}},{"x":41,"y":6,"id":"GroundBlock","tags":{"block":true}},{"x":41,"y":7,"id":"GroundBlock","tags":{"block":true}},{"x":41,"y":8,"id":"LeaveBlock","tags":{"block":true}},{"x":41,"y":20,"id":"GrassBlock","tags":{"block":true}},{"x":41,"y":21,"id":"GroundBlock","tags":{"block":true}},{"x":41,"y":22,"id":"GroundBlock","tags":{"block":true}},{"x":41,"y":23,"id":"GroundBlock","tags":{"block":true}},{"x":41,"y":24,"id":"GroundBlock","tags":{"block":true}},{"x":41,"y":25,"id":"GroundBlock","tags":{"block":true}},{"x":41,"y":26,"id":"GroundBlock","tags":{"block":true}},{"x":41,"y":27,"id":"GroundBlock","tags":{"block":true}},{"x":41,"y":28,"id":"GroundBlock","tags":{"block":true}},{"x":41,"y":29,"id":"GroundBlock","tags":{"block":true}},{"x":42,"y":0,"id":"GroundBlock","tags":{"block":true}},{"x":42,"y":1,"id":"GroundBlock","tags":{"block":true}},{"x":42,"y":2,"id":"GroundBlock","tags":{"block":true}},{"x":42,"y":3,"id":"GroundBlock","tags":{"block":true}},{"x":42,"y":4,"id":"GroundBlock","tags":{"block":true}},{"x":42,"y":5,"id":"GroundBlock","tags":{"block":true}},{"x":42,"y":6,"id":"GroundBlock","tags":{"block":true}},{"x":42,"y":7,"id":"LeaveBlock","tags":{"block":true}},{"x":42,"y":8,"id":"LeaveBlock","tags":{"block":true}},{"x":42,"y":21,"id":"GrassBlock","tags":{"block":true}},{"x":42,"y":22,"id":"GroundBlock","tags":{"block":true}},{"x":42,"y":23,"id":"GroundBlock","tags":{"block":true}},{"x":42,"y":24,"id":"GroundBlock","tags":{"block":true}},{"x":42,"y":25,"id":"GroundBlock","tags":{"block":true}},{"x":42,"y":26,"id":"GroundBlock","tags":{"block":true}},{"x":42,"y":27,"id":"GroundBlock","tags":{"block":true}},{"x":42,"y":28,"id":"GroundBlock","tags":{"block":true}},{"x":42,"y":29,"id":"GroundBlock","tags":{"block":true}},{"x":43,"y":0,"id":"GroundBlock","tags":{"block":true}},{"x":43,"y":1,"id":"GroundBlock","tags":{"block":true}},{"x":43,"y":2,"id":"GroundBlock","tags":{"block":true}},{"x":43,"y":5,"id":"LeaveBlock","tags":{"block":true}},{"x":43,"y":6,"id":"LeaveBlock","tags":{"block":true}},{"x":43,"y":7,"id":"LeaveBlock","tags":{"block":true}},{"x":43,"y":27,"id":"GrassBlock","tags":{"block":true}},{"x":43,"y":28,"id":"GroundBlock","tags":{"block":true}},{"x":43,"y":29,"id":"GroundBlock","tags":{"block":true}},{"x":44,"y":0,"id":"GroundBlock","tags":{"block":true}},{"x":44,"y":1,"id":"GroundBlock","tags":{"block":true}},{"x":44,"y":2,"id":"GroundBlock","tags":{"block":true}},{"x":44,"y":24,"id":"LeaveBlock","tags":{"block":true}},{"x":44,"y":25,"id":"LeaveBlock","tags":{"block":true}},{"x":44,"y":27,"id":"GrassBlock","tags":{"block":true}},{"x":44,"y":28,"id":"GroundBlock","tags":{"block":true}},{"x":44,"y":29,"id":"GroundBlock","tags":{"block":true}},{"x":45,"y":0,"id":"GroundBlock","tags":{"block":true}},{"x":45,"y":1,"id":"GroundBlock","tags":{"block":true}},{"x":45,"y":2,"id":"GroundBlock","tags":{"block":true}},{"x":45,"y":23,"id":"LeaveBlock","tags":{"block":true}},{"x":45,"y":24,"id":"LeaveBlock","tags":{"block":true}},{"x":45,"y":25,"id":"LeaveBlock","tags":{"block":true}},{"x":45,"y":27,"id":"GrassBlock","tags":{"block":true}},{"x":45,"y":28,"id":"GroundBlock","tags":{"block":true}},{"x":45,"y":29,"id":"GroundBlock","tags":{"block":true}},{"x":46,"y":0,"id":"GroundBlock","tags":{"block":true}},{"x":46,"y":1,"id":"GroundBlock","tags":{"block":true}},{"x":46,"y":2,"id":"LeaveBlock","tags":{"block":true}},{"x":46,"y":23,"id":"LeaveBlock","tags":{"block":true}},{"x":46,"y":24,"id":"LeaveBlock","tags":{"block":true}},{"x":46,"y":25,"id":"WoodBlock","tags":{"block":true}},{"x":46,"y":26,"id":"WoodBlock","tags":{"block":true}},{"x":46,"y":27,"id":"GrassBlock","tags":{"block":true}},{"x":46,"y":28,"id":"GroundBlock","tags":{"block":true}},{"x":46,"y":29,"id":"GroundBlock","tags":{"block":true}},{"x":47,"y":0,"id":"GroundBlock","tags":{"block":true}},{"x":47,"y":1,"id":"GroundBlock","tags":{"block":true}},{"x":47,"y":2,"id":"LeaveBlock","tags":{"block":true}},{"x":47,"y":3,"id":"LeaveBlock","tags":{"block":true}},{"x":47,"y":4,"id":"LeaveBlock","tags":{"block":true}},{"x":47,"y":5,"id":"LeaveBlock","tags":{"block":true}},{"x":47,"y":6,"id":"LeaveBlock","tags":{"block":true}},{"x":47,"y":16,"id":"GrassBlock","tags":{"block":true}},{"x":47,"y":23,"id":"LeaveBlock","tags":{"block":true}},{"x":47,"y":24,"id":"LeaveBlock","tags":{"block":true}},{"x":47,"y":25,"id":"LeaveBlock","tags":{"block":true}},{"x":47,"y":27,"id":"GrassBlock","tags":{"block":true}},{"x":47,"y":28,"id":"GroundBlock","tags":{"block":true}},{"x":47,"y":29,"id":"GroundBlock","tags":{"block":true}},{"x":48,"y":0,"id":"GroundBlock","tags":{"block":true}},{"x":48,"y":1,"id":"GroundBlock","tags":{"block":true}},{"x":48,"y":2,"id":"LeaveBlock","tags":{"block":true}},{"x":48,"y":3,"id":"LeaveBlock","tags":{"block":true}},{"x":48,"y":4,"id":"LeaveBlock","tags":{"block":true}},{"x":48,"y":5,"id":"LeaveBlock","tags":{"block":true}},{"x":48,"y":16,"id":"GrassBlock","tags":{"block":true}},{"x":48,"y":24,"id":"LeaveBlock","tags":{"block":true}},{"x":48,"y":25,"id":"LeaveBlock","tags":{"block":true}},{"x":48,"y":27,"id":"GrassBlock","tags":{"block":true}},{"x":48,"y":28,"id":"GroundBlock","tags":{"block":true}},{"x":48,"y":29,"id":"GroundBlock","tags":{"block":true}},{"x":49,"y":0,"id":"GroundBlock","tags":{"block":true}},{"x":49,"y":1,"id":"GroundBlock","tags":{"block":true}},{"x":49,"y":2,"id":"LeaveBlock","tags":{"block":true}},{"x":49,"y":16,"id":"GrassBlock","tags":{"block":true}},{"x":49,"y":27,"id":"GrassBlock","tags":{"block":true}},{"x":49,"y":28,"id":"GroundBlock","tags":{"block":true}},{"x":49,"y":29,"id":"GroundBlock","tags":{"block":true}},{"x":50,"y":0,"id":"GroundBlock","tags":{"block":true}},{"x":50,"y":1,"id":"GroundBlock","tags":{"block":true}},{"x":50,"y":2,"id":"GroundBlock","tags":{"block":true}},{"x":50,"y":16,"id":"GrassBlock","tags":{"block":true}},{"x":50,"y":27,"id":"GrassBlock","tags":{"block":true}},{"x":50,"y":28,"id":"GroundBlock","tags":{"block":true}},{"x":50,"y":29,"id":"GroundBlock","tags":{"block":true}},{"x":51,"y":0,"id":"GroundBlock","tags":{"block":true}},{"x":51,"y":1,"id":"GroundBlock","tags":{"block":true}},{"x":51,"y":2,"id":"GroundBlock","tags":{"block":true}},{"x":51,"y":15,"id":"GrassBlock","tags":{"block":true}},{"x":51,"y":16,"id":"GrassBlock","tags":{"block":true}},{"x":51,"y":27,"id":"GrassBlock","tags":{"block":true}},{"x":51,"y":28,"id":"GroundBlock","tags":{"block":true}},{"x":51,"y":29,"id":"GroundBlock","tags":{"block":true}},{"x":52,"y":0,"id":"GroundBlock","tags":{"block":true}},{"x":52,"y":1,"id":"GroundBlock","tags":{"block":true}},{"x":52,"y":2,"id":"GroundBlock","tags":{"block":true}},{"x":52,"y":14,"id":"GrassBlock","tags":{"block":true}},{"x":52,"y":15,"id":"GroundBlock","tags":{"block":true}},{"x":52,"y":16,"id":"GroundBlock","tags":{"block":true}},{"x":52,"y":27,"id":"GrassBlock","tags":{"block":true}},{"x":52,"y":28,"id":"GroundBlock","tags":{"block":true}},{"x":52,"y":29,"id":"GroundBlock","tags":{"block":true}},{"x":53,"y":0,"id":"GroundBlock","tags":{"block":true}},{"x":53,"y":1,"id":"GroundBlock","tags":{"block":true}},{"x":53,"y":2,"id":"GroundBlock","tags":{"block":true}},{"x":53,"y":15,"id":"GroundBlock","tags":{"block":true}},{"x":53,"y":16,"id":"GroundBlock","tags":{"block":true}},{"x":53,"y":28,"id":"GroundBlock","tags":{"block":true}},{"x":53,"y":29,"id":"GroundBlock","tags":{"block":true}},{"x":54,"y":0,"id":"GroundBlock","tags":{"block":true}},{"x":54,"y":1,"id":"GroundBlock","tags":{"block":true}},{"x":54,"y":2,"id":"GroundBlock","tags":{"block":true}},{"x":54,"y":6,"id":"GrassBlock","tags":{"block":true}},{"x":54,"y":14,"id":"GrassBlock","tags":{"block":true}},{"x":54,"y":15,"id":"GroundBlock","tags":{"block":true}},{"x":54,"y":16,"id":"GroundBlock","tags":{"block":true}},{"x":54,"y":27,"id":"GrassBlock","tags":{"block":true}},{"x":54,"y":28,"id":"GroundBlock","tags":{"block":true}},{"x":54,"y":29,"id":"GroundBlock","tags":{"block":true}},{"x":55,"y":0,"id":"GroundBlock","tags":{"block":true}},{"x":55,"y":1,"id":"GroundBlock","tags":{"block":true}},{"x":55,"y":2,"id":"GroundBlock","tags":{"block":true}},{"x":55,"y":6,"id":"GrassBlock","tags":{"block":true}},{"x":55,"y":13,"id":"GrassBlock","tags":{"block":true}},{"x":55,"y":14,"id":"GroundBlock","tags":{"block":true}},{"x":55,"y":15,"id":"GroundBlock","tags":{"block":true}},{"x":55,"y":16,"id":"GroundBlock","tags":{"block":true}},{"x":55,"y":17,"id":"LeaveBlock","tags":{"block":true}},{"x":55,"y":18,"id":"LeaveBlock","tags":{"block":true}},{"x":55,"y":19,"id":"LeaveBlock","tags":{"block":true}},{"x":55,"y":27,"id":"GrassBlock","tags":{"block":true}},{"x":55,"y":28,"id":"GroundBlock","tags":{"block":true}},{"x":55,"y":29,"id":"GroundBlock","tags":{"block":true}},{"x":56,"y":0,"id":"GroundBlock","tags":{"block":true}},{"x":56,"y":1,"id":"GroundBlock","tags":{"block":true}},{"x":56,"y":2,"id":"GroundBlock","tags":{"block":true}},{"x":56,"y":6,"id":"GrassBlock","tags":{"block":true}},{"x":56,"y":13,"id":"GrassBlock","tags":{"block":true}},{"x":56,"y":14,"id":"GroundBlock","tags":{"block":true}},{"x":56,"y":15,"id":"GroundBlock","tags":{"block":true}},{"x":56,"y":16,"id":"GroundBlock","tags":{"block":true}},{"x":56,"y":17,"id":"GroundBlock","tags":{"block":true}},{"x":56,"y":18,"id":"GroundBlock","tags":{"block":true}},{"x":56,"y":19,"id":"LeaveBlock","tags":{"block":true}},{"x":56,"y":20,"id":"LeaveBlock","tags":{"block":true}},{"x":56,"y":27,"id":"GrassBlock","tags":{"block":true}},{"x":56,"y":28,"id":"GroundBlock","tags":{"block":true}},{"x":56,"y":29,"id":"GroundBlock","tags":{"block":true}},{"x":57,"y":0,"id":"GroundBlock","tags":{"block":true}},{"x":57,"y":1,"id":"GroundBlock","tags":{"block":true}},{"x":57,"y":2,"id":"GroundBlock","tags":{"block":true}},{"x":57,"y":6,"id":"GrassBlock","tags":{"block":true}},{"x":57,"y":12,"id":"GrassBlock","tags":{"block":true}},{"x":57,"y":13,"id":"GroundBlock","tags":{"block":true}},{"x":57,"y":14,"id":"GroundBlock","tags":{"block":true}},{"x":57,"y":15,"id":"GroundBlock","tags":{"block":true}},{"x":57,"y":16,"id":"GroundBlock","tags":{"block":true}},{"x":57,"y":17,"id":"GroundBlock","tags":{"block":true}},{"x":57,"y":18,"id":"GroundBlock","tags":{"block":true}},{"x":57,"y":19,"id":"GroundBlock","tags":{"block":true}},{"x":57,"y":27,"id":"GrassBlock","tags":{"block":true}},{"x":57,"y":28,"id":"GroundBlock","tags":{"block":true}},{"x":57,"y":29,"id":"GroundBlock","tags":{"block":true}},{"x":58,"y":0,"id":"GroundBlock","tags":{"block":true}},{"x":58,"y":1,"id":"GroundBlock","tags":{"block":true}},{"x":58,"y":2,"id":"GroundBlock","tags":{"block":true}},{"x":58,"y":3,"id":"GroundBlock","tags":{"block":true}},{"x":58,"y":4,"id":"GroundBlock","tags":{"block":true}},{"x":58,"y":5,"id":"GroundBlock","tags":{"block":true}},{"x":58,"y":6,"id":"GroundBlock","tags":{"block":true}},{"x":58,"y":7,"id":"GroundBlock","tags":{"block":true}},{"x":58,"y":8,"id":"GroundBlock","tags":{"block":true}},{"x":58,"y":9,"id":"GroundBlock","tags":{"block":true}},{"x":58,"y":10,"id":"GroundBlock","tags":{"block":true}},{"x":58,"y":11,"id":"GroundBlock","tags":{"block":true}},{"x":58,"y":12,"id":"GroundBlock","tags":{"block":true}},{"x":58,"y":13,"id":"GroundBlock","tags":{"block":true}},{"x":58,"y":14,"id":"GroundBlock","tags":{"block":true}},{"x":58,"y":15,"id":"GroundBlock","tags":{"block":true}},{"x":58,"y":16,"id":"GroundBlock","tags":{"block":true}},{"x":58,"y":17,"id":"GroundBlock","tags":{"block":true}},{"x":58,"y":18,"id":"GroundBlock","tags":{"block":true}},{"x":58,"y":19,"id":"GroundBlock","tags":{"block":true}},{"x":58,"y":20,"id":"GroundBlock","tags":{"block":true}},{"x":58,"y":21,"id":"GroundBlock","tags":{"block":true}},{"x":58,"y":22,"id":"GroundBlock","tags":{"block":true}},{"x":58,"y":23,"id":"GroundBlock","tags":{"block":true}},{"x":58,"y":24,"id":"GroundBlock","tags":{"block":true}},{"x":58,"y":25,"id":"GroundBlock","tags":{"block":true}},{"x":58,"y":26,"id":"GroundBlock","tags":{"block":true}},{"x":58,"y":27,"id":"GroundBlock","tags":{"block":true}},{"x":58,"y":28,"id":"GroundBlock","tags":{"block":true}},{"x":58,"y":29,"id":"GroundBlock","tags":{"block":true}},{"x":59,"y":0,"id":"GroundBlock","tags":{"block":true}},{"x":59,"y":1,"id":"GroundBlock","tags":{"block":true}},{"x":59,"y":2,"id":"GroundBlock","tags":{"block":true}},{"x":59,"y":3,"id":"GroundBlock","tags":{"block":true}},{"x":59,"y":4,"id":"GroundBlock","tags":{"block":true}},{"x":59,"y":5,"id":"GroundBlock","tags":{"block":true}},{"x":59,"y":6,"id":"GroundBlock","tags":{"block":true}},{"x":59,"y":7,"id":"GroundBlock","tags":{"block":true}},{"x":59,"y":8,"id":"GroundBlock","tags":{"block":true}},{"x":59,"y":9,"id":"GroundBlock","tags":{"block":true}},{"x":59,"y":10,"id":"GroundBlock","tags":{"block":true}},{"x":59,"y":11,"id":"GroundBlock","tags":{"block":true}},{"x":59,"y":12,"id":"GroundBlock","tags":{"block":true}},{"x":59,"y":13,"id":"GroundBlock","tags":{"block":true}},{"x":59,"y":14,"id":"GroundBlock","tags":{"block":true}},{"x":59,"y":15,"id":"GroundBlock","tags":{"block":true}},{"x":59,"y":16,"id":"GroundBlock","tags":{"block":true}},{"x":59,"y":17,"id":"GroundBlock","tags":{"block":true}},{"x":59,"y":18,"id":"GroundBlock","tags":{"block":true}},{"x":59,"y":19,"id":"GroundBlock","tags":{"block":true}},{"x":59,"y":20,"id":"GroundBlock","tags":{"block":true}},{"x":59,"y":21,"id":"GroundBlock","tags":{"block":true}},{"x":59,"y":22,"id":"GroundBlock","tags":{"block":true}},{"x":59,"y":23,"id":"GroundBlock","tags":{"block":true}},{"x":59,"y":24,"id":"GroundBlock","tags":{"block":true}},{"x":59,"y":25,"id":"GroundBlock","tags":{"block":true}},{"x":59,"y":26,"id":"GroundBlock","tags":{"block":true}},{"x":59,"y":27,"id":"GroundBlock","tags":{"block":true}},{"x":59,"y":28,"id":"GroundBlock","tags":{"block":true}},{"x":59,"y":29,"id":"GroundBlock","tags":{"block":true}}],"background":"resources/backgrounds/cave.png","width":60,"height":30}