{"entities":[{"x":9,"y":5,"id":"MovingHorizontalPlatform","tags":{"blockMove":3,"speed":1}},{"x":10,"y":5,"id":"MovingHorizontalPlatform","tags":{"blockMove":3,"speed":1}},{"x":11,"y":5,"id":"MovingHorizontalPlatform","tags":{"blockMove":3,"speed":1}},{"x":11,"y":12,"id":"PowerUpBlock","tags":{"animated":true}},{"x":16,"y":8,"id":"MovingHorizontalPlatform","tags":{"blockMove":3,"speed":1}},{"x":17,"y":6,"id":"MovingVerticalPlatform","tags":{"blockMove":3,"speed":1}},{"x":17,"y":7,"id":"MovingVerticalPlatform","tags":{"blockMove":3,"speed":1}},{"x":17,"y":8,"id":"MovingHorizontalPlatform","tags":{"blockMove":3,"speed":1}},{"x":18,"y":8,"id":"MovingHorizontalPlatform","tags":{"blockMove":3,"speed":1}},{"x":23,"y":12,"id":"PowerUpBlock","tags":{"animated":true}},{"x":34,"y":9,"id":"PowerUpBlock","tags":{"animated":true}}],"blocks":[{"x":2,"y":9,"id":"GrassBlock","tags":{"block":true}},{"x":2,"y":10,"id":"GroundBlock","tags":{"block":true}},{"x":2,"y":11,"id":"LeaveBlock","tags":{"block":true}},{"x":2,"y":12,"id":"LeaveBlock","tags":{"block":true}},{"x":3,"y":9,"id":"SpawnerPoint","tags":{"block":true}},{"x":3,"y":10,"id":"GroundBlock","tags":{"block":true}},{"x":3,"y":11,"id":"GroundBlock","tags":{"block":true}},{"x":4,"y":9,"id":"GrassBlock","tags":{"block":true}},{"x":4,"y":10,"id":"GroundBlock","tags":{"block":true}},{"x":4,"y":11,"id":"GroundBlock","tags":{"block":true}},{"x":5,"y":9,"id":"GrassBlock","tags":{"block":true}},{"x":5,"y":10,"id":"GroundBlock","tags":{"block":true}},{"x":7,"y":12,"id":"GrassBlock","tags":{"block":true}},{"x":7,"y":13,"id":"GroundBlock","tags":{"block":true}},{"x":7,"y":14,"id":"StoneBlock","tags":{"block":true}},{"x":7,"y":15,"id":"StoneBlock","tags":{"block":true}},{"x":8,"y":12,"id":"SpawnerPoint","tags":{"block":true}},{"x":8,"y":13,"id":"GroundBlock","tags":{"block":true}},{"x":8,"y":14,"id":"GroundBlock","tags":{"block":true}},{"x":8,"y":15,"id":"StoneBlock","tags":{"block":true}},{"x":8,"y":16,"id":"StoneBlock","tags":{"block":true}},{"x":9,"y":12,"id":"GrassBlock","tags":{"block":true}},{"x":9,"y":13,"id":"GroundBlock","tags":{"block":true}},{"x":9,"y":14,"id":"GroundBlock","tags":{"block":true}},{"x":9,"y":15,"id":"LeaveBlock","tags":{"block":true}},{"x":9,"y":16,"id":"LeaveBlock","tags":{"block":true}},{"x":9,"y":17,"id":"LeaveBlock","tags":{"block":true}},{"x":9,"y":18,"id":"LeaveBlock","tags":{"block":true}},{"x":10,"y":12,"id":"GrassBlock","tags":{"block":true}},{"x":10,"y":13,"id":"GroundBlock","tags":{"block":true}},{"x":10,"y":14,"id":"GroundBlock","tags":{"block":true}},{"x":10,"y":15,"id":"GroundBlock","tags":{"block":true}},{"x":10,"y":16,"id":"StoneBlock","tags":{"block":true}},{"x":10,"y":17,"id":"StoneBlock","tags":{"block":true}},{"x":11,"y":13,"id":"GroundBlock","tags":{"block":true}},{"x":11,"y":14,"id":"GroundBlock","tags":{"block":true}},{"x":11,"y":15,"id":"GroundBlock","tags":{"block":true}},{"x":11,"y":16,"id":"StoneBlock","tags":{"block":true}},{"x":11,"y":17,"id":"StoneBlock","tags":{"block":true}},{"x":12,"y":12,"id":"GrassBlock","tags":{"block":true}},{"x":12,"y":13,"id":"GroundBlock","tags":{"block":true}},{"x":12,"y":14,"id":"GroundBlock","tags":{"block":true}},{"x":12,"y":15,"id":"GroundBlock","tags":{"block":true}},{"x":12,"y":16,"id":"StoneBlock","tags":{"block":true}},{"x":12,"y":17,"id":"StoneBlock","tags":{"block":true}},{"x":13,"y":12,"id":"GrassBlock","tags":{"block":true}},{"x":13,"y":13,"id":"GroundBlock","tags":{"block":true}},{"x":13,"y":14,"id":"GroundBlock","tags":{"block":true}},{"x":13,"y":15,"id":"GroundBlock","tags":{"block":true}},{"x":13,"y":16,"id":"StoneBlock","tags":{"block":true}},{"x":13,"y":17,"id":"StoneBlock","tags":{"block":true}},{"x":14,"y":12,"id":"GrassBlock","tags":{"block":true}},{"x":14,"y":13,"id":"GroundBlock","tags":{"block":true}},{"x":14,"y":14,"id":"GroundBlock","tags":{"block":true}},{"x":14,"y":15,"id":"GroundBlock","tags":{"block":true}},{"x":14,"y":16,"id":"StoneBlock","tags":{"block":true}},{"x":14,"y":17,"id":"StoneBlock","tags":{"block":true}},{"x":15,"y":12,"id":"GrassBlock","tags":{"block":true}},{"x":15,"y":13,"id":"GroundBlock","tags":{"block":true}},{"x":15,"y":14,"id":"GroundBlock","tags":{"block":true}},{"x":15,"y":15,"id":"GroundBlock","tags":{"block":true}},{"x":15,"y":16,"id":"StoneBlock","tags":{"block":true}},{"x":15,"y":17,"id":"StoneBlock","tags":{"block":true}},{"x":16,"y":12,"id":"SpawnerPoint","tags":{"block":true}},{"x":16,"y":13,"id":"GroundBlock","tags":{"block":true}},{"x":16,"y":14,"id":"GroundBlock","tags":{"block":true}},{"x":16,"y":15,"id":"GroundBlock","tags":{"block":true}},{"x":16,"y":16,"id":"StoneBlock","tags":{"block":true}},{"x":16,"y":17,"id":"StoneBlock","tags":{"block":true}},{"x":17,"y":12,"id":"GrassBlock","tags":{"block":true}},{"x":17,"y":13,"id":"GroundBlock","tags":{"block":true}},{"x":17,"y":14,"id":"GroundBlock","tags":{"block":true}},{"x":17,"y":15,"id":"GroundBlock","tags":{"block":true}},{"x":17,"y":16,"id":"StoneBlock","tags":{"block":true}},{"x":17,"y":17,"id":"StoneBlock","tags":{"block":true}},{"x":18,"y":12,"id":"GrassBlock","tags":{"block":true}},{"x":18,"y":13,"id":"GroundBlock","tags":{"block":true}},{"x":18,"y":14,"id":"GroundBlock","tags":{"block":true}},{"x":18,"y":15,"id":"GroundBlock","tags":{"block":true}},{"x":18,"y":16,"id":"StoneBlock","tags":{"block":true}},{"x":18,"y":17,"id":"StoneBlock","tags":{"block":true}},{"x":19,"y":12,"id":"GrassBlock","tags":{"block":true}},{"x":19,"y":13,"id":"GroundBlock","tags":{"block":true}},{"x":19,"y":14,"id":"GroundBlock","tags":{"block":true}},{"x":19,"y":15,"id":"GroundBlock","tags":{"block":true}},{"x":19,"y":16,"id":"StoneBlock","tags":{"block":true}},{"x":19,"y":17,"id":"StoneBlock","tags":{"block":true}},{"x":20,"y":12,"id":"GrassBlock","tags":{"block":true}},{"x":20,"y":13,"id":"GroundBlock","tags":{"block":true}},{"x":20,"y":14,"id":"GroundBlock","tags":{"block":true}},{"x":20,"y":15,"id":"GroundBlock","tags":{"block":true}},{"x":20,"y":16,"id":"StoneBlock","tags":{"block":true}},{"x":20,"y":17,"id":"StoneBlock","tags":{"block":true}},{"x":21,"y":12,"id":"GrassBlock","tags":{"block":true}},{"x":21,"y":13,"id":"GroundBlock","tags":{"block":true}},{"x":21,"y":14,"id":"GroundBlock","tags":{"block":true}},{"x":21,"y":15,"id":"GroundBlock","tags":{"block":true}},{"x":21,"y":16,"id":"StoneBlock","tags":{"block":true}},{"x":21,"y":17,"id":"StoneBlock","tags":{"block":true}},{"x":22,"y":12,"id":"GrassBlock","tags":{"block":true}},{"x":22,"y":13,"id":"GroundBlock","tags":{"block":true}},{"x":22,"y":14,"id":"GroundBlock","tags":{"block":true}},{"x":22,"y":15,"id":"GroundBlock","tags":{"block":true}},{"x":22,"y":16,"id":"StoneBlock","tags":{"block":true}},{"x":22,"y":17,"id":"StoneBlock","tags":{"block":true}},{"x":23,"y":13,"id":"GroundBlock","tags":{"block":true}},{"x":23,"y":14,"id":"GroundBlock","tags":{"block":true}},{"x":23,"y":15,"id":"LeaveBlock","tags":{"block":true}},{"x":23,"y":16,"id":"StoneBlock","tags":{"block":true}},{"x":23,"y":17,"id":"StoneBlock","tags":{"block":true}},{"x":24,"y":12,"id":"GrassBlock","tags":{"block":true}},{"x":24,"y":13,"id":"GroundBlock","tags":{"block":true}},{"x":24,"y":14,"id":"GroundBlock","tags":{"block":true}},{"x":24,"y":15,"id":"GroundBlock","tags":{"block":true}},{"x":24,"y":16,"id":"StoneBlock","tags":{"block":true}},{"x":25,"y":12,"id":"SpawnerPoint","tags":{"block":true}},{"x":25,"y":13,"id":"GroundBlock","tags":{"block":true}},{"x":25,"y":14,"id":"GroundBlock","tags":{"block":true}},{"x":25,"y":15,"id":"StoneBlock","tags":{"block":true}},{"x":25,"y":16,"id":"StoneBlock","tags":{"block":true}},{"x":26,"y":12,"id":"GrassBlock","tags":{"block":true}},{"x":26,"y":13,"id":"GroundBlock","tags":{"block":true}},{"x":26,"y":14,"id":"StoneBlock","tags":{"block":true}},{"x":26,"y":15,"id":"StoneBlock","tags":{"block":true}},{"x":27,"y":12,"id":"LeaveBlock","tags":{"block":true}},{"x":27,"y":13,"id":"GroundBlock","tags":{"block":true}},{"x":27,"y":14,"id":"StoneBlock","tags":{"block":true}},{"x":28,"y":13,"id":"LeaveBlock","tags":{"block":true}},{"x":28,"y":14,"id":"LeaveBlock","tags":{"block":true}},{"x":32,"y":9,"id":"GrassBlock","tags":{"block":true}},{"x":32,"y":10,"id":"GroundBlock","tags":{"block":true}},{"x":32,"y":11,"id":"GroundBlock","tags":{"block":true}},{"x":33,"y":9,"id":"SpawnerPoint","tags":{"block":true}},{"x":33,"y":10,"id":"GroundBlock","tags":{"block":true}},{"x":33,"y":11,"id":"GroundBlock","tags":{"block":true}},{"x":33,"y":12,"id":"GroundBlock","tags":{"block":true}},{"x":34,"y":10,"id":"GroundBlock","tags":{"block":true}},{"x":34,"y":11,"id":"GroundBlock","tags":{"block":true}},{"x":34,"y":12,"id":"GroundBlock","tags":{"block":true}},{"x":35,"y":9,"id":"SpawnerPoint","tags":{"block":true}},{"x":35,"y":10,"id":"GroundBlock","tags":{"block":true}},{"x":35,"y":11,"id":"LeaveBlock","tags":{"block":true}},{"x":35,"y":12,"id":"GroundBlock","tags":{"block":true}},{"x":36,"y":9,"id":"GrassBlock","tags":{"block":true}},{"x":36,"y":10,"id":"GroundBlock","tags":{"block":true}},{"x":36,"y":11,"id":"GroundBlock","tags":{"block":true}}],"background":"<DEFAULT>","width":40,"height":23}