{"entities":[{"x":4,"y":12,"id":"PowerUpBlock","tags":{"animated":true}},{"x":10,"y":9,"id":"MovingHorizontalPlatform","tags":{"blockMove":10,"speed":2}},{"x":11,"y":9,"id":"MovingHorizontalPlatform","tags":{"blockMove":10,"speed":2}},{"x":12,"y":9,"id":"MovingHorizontalPlatform","tags":{"blockMove":10,"speed":2}},{"x":15,"y":27,"id":"PortalBlock","tags":{"id":4}},{"x":19,"y":29,"id":"PowerUpBlock","tags":{"animated":true}},{"x":20,"y":29,"id":"PowerUpBlock","tags":{"animated":true}},{"x":21,"y":29,"id":"PowerUpBlock","tags":{"animated":true}},{"x":24,"y":27,"id":"PortalBlock","tags":{"id":5}},{"x":37,"y":3,"id":"PortalBlock","tags":{"id":4}},{"x":42,"y":25,"id":"PortalBlock","tags":{"id":5}},{"x":48,"y":27,"id":"PowerUpBlock","tags":{"animated":true}},{"x":52,"y":8,"id":"PowerUpBlock","tags":{"animated":true}}],"blocks":[{"x":0,"y":0,"id":"StoneBlock","tags":{"block":true}},{"x":0,"y":8,"id":"GrassBlock","tags":{"block":true}},{"x":0,"y":9,"id":"GroundBlock","tags":{"block":true}},{"x":0,"y":10,"id":"GroundBlock","tags":{"block":true}},{"x":0,"y":11,"id":"StoneBlock","tags":{"block":true}},{"x":0,"y":12,"id":"LeaveBlock","tags":{"block":true}},{"x":0,"y":13,"id":"StoneBlock","tags":{"block":true}},{"x":0,"y":14,"id":"LeaveBlock","tags":{"block":true}},{"x":0,"y":15,"id":"StoneBlock","tags":{"block":true}},{"x":0,"y":16,"id":"StoneBlock","tags":{"block":true}},{"x":0,"y":27,"id":"StoneBlock","tags":{"block":true}},{"x":0,"y":28,"id":"StoneBlock","tags":{"block":true}},{"x":0,"y":29,"id":"StoneBlock","tags":{"block":true}},{"x":1,"y":0,"id":"StoneBlock","tags":{"block":true}},{"x":1,"y":9,"id":"GrassBlock","tags":{"block":true}},{"x":1,"y":10,"id":"GroundBlock","tags":{"block":true}},{"x":1,"y":11,"id":"StoneBlock","tags":{"block":true}},{"x":1,"y":12,"id":"StoneBlock","tags":{"block":true}},{"x":1,"y":13,"id":"StoneBlock","tags":{"block":true}},{"x":1,"y":14,"id":"StoneBlock","tags":{"block":true}},{"x":1,"y":15,"id":"StoneBlock","tags":{"block":true}},{"x":1,"y":16,"id":"StoneBlock","tags":{"block":true}},{"x":1,"y":27,"id":"StoneBlock","tags":{"block":true}},{"x":1,"y":28,"id":"StoneBlock","tags":{"block":true}},{"x":1,"y":29,"id":"StoneBlock","tags":{"block":true}},{"x":2,"y":0,"id":"StoneBlock","tags":{"block":true}},{"x":2,"y":10,"id":"GrassBlock","tags":{"block":true}},{"x":2,"y":11,"id":"GroundBlock","tags":{"block":true}},{"x":2,"y":12,"id":"StoneBlock","tags":{"block":true}},{"x":2,"y":13,"id":"StoneBlock","tags":{"block":true}},{"x":2,"y":14,"id":"StoneBlock","tags":{"block":true}},{"x":2,"y":15,"id":"StoneBlock","tags":{"block":true}},{"x":2,"y":16,"id":"StoneBlock","tags":{"block":true}},{"x":2,"y":27,"id":"StoneBlock","tags":{"block":true}},{"x":2,"y":28,"id":"StoneBlock","tags":{"block":true}},{"x":2,"y":29,"id":"StoneBlock","tags":{"block":true}},{"x":3,"y":0,"id":"StoneBlock","tags":{"block":true}},{"x":3,"y":11,"id":"GrassBlock","tags":{"block":true}},{"x":3,"y":12,"id":"GroundBlock","tags":{"block":true}},{"x":3,"y":13,"id":"StoneBlock","tags":{"block":true}},{"x":3,"y":14,"id":"StoneBlock","tags":{"block":true}},{"x":3,"y":15,"id":"StoneBlock","tags":{"block":true}},{"x":3,"y":16,"id":"StoneBlock","tags":{"block":true}},{"x":3,"y":27,"id":"StoneBlock","tags":{"block":true}},{"x":3,"y":28,"id":"StoneBlock","tags":{"block":true}},{"x":3,"y":29,"id":"StoneBlock","tags":{"block":true}},{"x":4,"y":0,"id":"StoneBlock","tags":{"block":true}},{"x":4,"y":13,"id":"GroundBlock","tags":{"block":true}},{"x":4,"y":14,"id":"StoneBlock","tags":{"block":true}},{"x":4,"y":15,"id":"StoneBlock","tags":{"block":true}},{"x":4,"y":16,"id":"StoneBlock","tags":{"block":true}},{"x":4,"y":27,"id":"StoneBlock","tags":{"block":true}},{"x":4,"y":28,"id":"StoneBlock","tags":{"block":true}},{"x":4,"y":29,"id":"StoneBlock","tags":{"block":true}},{"x":5,"y":0,"id":"StoneBlock","tags":{"block":true}},{"x":5,"y":13,"id":"GrassBlock","tags":{"block":true}},{"x":5,"y":14,"id":"GroundBlock","tags":{"block":true}},{"x":5,"y":15,"id":"StoneBlock","tags":{"block":true}},{"x":5,"y":16,"id":"StoneBlock","tags":{"block":true}},{"x":5,"y":27,"id":"StoneBlock","tags":{"block":true}},{"x":5,"y":28,"id":"StoneBlock","tags":{"block":true}},{"x":5,"y":29,"id":"StoneBlock","tags":{"block":true}},{"x":6,"y":0,"id":"StoneBlock","tags":{"block":true}},{"x":6,"y":13,"id":"SpawnerPoint","tags":{"block":true}},{"x":6,"y":14,"id":"GroundBlock","tags":{"block":true}},{"x":6,"y":15,"id":"StoneBlock","tags":{"block":true}},{"x":6,"y":27,"id":"StoneBlock","tags":{"block":true}},{"x":6,"y":28,"id":"StoneBlock","tags":{"block":true}},{"x":6,"y":29,"id":"StoneBlock","tags":{"block":true}},{"x":7,"y":0,"id":"StoneBlock","tags":{"block":true}},{"x":7,"y":12,"id":"GrassBlock","tags":{"block":true}},{"x":7,"y":13,"id":"GroundBlock","tags":{"block":true}},{"x":7,"y":14,"id":"StoneBlock","tags":{"block":true}},{"x":7,"y":15,"id":"StoneBlock","tags":{"block":true}},{"x":7,"y":28,"id":"StoneBlock","tags":{"block":true}},{"x":7,"y":29,"id":"StoneBlock","tags":{"block":true}},{"x":8,"y":0,"id":"StoneBlock","tags":{"block":true}},{"x":8,"y":12,"id":"GrassBlock","tags":{"block":true}},{"x":8,"y":13,"id":"GroundBlock","tags":{"block":true}},{"x":8,"y":14,"id":"StoneBlock","tags":{"block":true}},{"x":8,"y":15,"id":"StoneBlock","tags":{"block":true}},{"x":8,"y":27,"id":"SpawnerPoint","tags":{"block":true}},{"x":8,"y":28,"id":"GroundBlock","tags":{"block":true}},{"x":8,"y":29,"id":"StoneBlock","tags":{"block":true}},{"x":9,"y":0,"id":"StoneBlock","tags":{"block":true}},{"x":9,"y":14,"id":"LeaveBlock","tags":{"block":true}},{"x":9,"y":15,"id":"StoneBlock","tags":{"block":true}},{"x":9,"y":27,"id":"GrassBlock","tags":{"block":true}},{"x":9,"y":28,"id":"GroundBlock","tags":{"block":true}},{"x":9,"y":29,"id":"StoneBlock","tags":{"block":true}},{"x":10,"y":0,"id":"StoneBlock","tags":{"block":true}},{"x":10,"y":14,"id":"LeaveBlock","tags":{"block":true}},{"x":10,"y":15,"id":"LeaveBlock","tags":{"block":true}},{"x":10,"y":16,"id":"LeaveBlock","tags":{"block":true}},{"x":10,"y":17,"id":"LeaveBlock","tags":{"block":true}},{"x":10,"y":26,"id":"GrassBlock","tags":{"block":true}},{"x":10,"y":27,"id":"GroundBlock","tags":{"block":true}},{"x":10,"y":28,"id":"GroundBlock","tags":{"block":true}},{"x":10,"y":29,"id":"StoneBlock","tags":{"block":true}},{"x":11,"y":0,"id":"StoneBlock","tags":{"block":true}},{"x":11,"y":24,"id":"GrassBlock","tags":{"block":true}},{"x":11,"y":25,"id":"GroundBlock","tags":{"block":true}},{"x":11,"y":26,"id":"GroundBlock","tags":{"block":true}},{"x":11,"y":27,"id":"GroundBlock","tags":{"block":true}},{"x":11,"y":28,"id":"GroundBlock","tags":{"block":true}},{"x":11,"y":29,"id":"StoneBlock","tags":{"block":true}},{"x":12,"y":0,"id":"StoneBlock","tags":{"block":true}},{"x":12,"y":23,"id":"GrassBlock","tags":{"block":true}},{"x":12,"y":24,"id":"GroundBlock","tags":{"block":true}},{"x":12,"y":25,"id":"GroundBlock","tags":{"block":true}},{"x":12,"y":26,"id":"GroundBlock","tags":{"block":true}},{"x":12,"y":27,"id":"GroundBlock","tags":{"block":true}},{"x":12,"y":28,"id":"StoneBlock","tags":{"block":true}},{"x":12,"y":29,"id":"StoneBlock","tags":{"block":true}},{"x":13,"y":0,"id":"StoneBlock","tags":{"block":true}},{"x":13,"y":23,"id":"GrassBlock","tags":{"block":true}},{"x":13,"y":24,"id":"GroundBlock","tags":{"block":true}},{"x":13,"y":25,"id":"GroundBlock","tags":{"block":true}},{"x":13,"y":26,"id":"GroundBlock","tags":{"block":true}},{"x":13,"y":27,"id":"StoneBlock","tags":{"block":true}},{"x":13,"y":28,"id":"StoneBlock","tags":{"block":true}},{"x":13,"y":29,"id":"StoneBlock","tags":{"block":true}},{"x":14,"y":0,"id":"StoneBlock","tags":{"block":true}},{"x":14,"y":22,"id":"GrassBlock","tags":{"block":true}},{"x":14,"y":23,"id":"GroundBlock","tags":{"block":true}},{"x":14,"y":24,"id":"GroundBlock","tags":{"block":true}},{"x":14,"y":25,"id":"GroundBlock","tags":{"block":true}},{"x":14,"y":26,"id":"StoneBlock","tags":{"block":true}},{"x":14,"y":27,"id":"StoneBlock","tags":{"block":true}},{"x":14,"y":28,"id":"StoneBlock","tags":{"block":true}},{"x":14,"y":29,"id":"StoneBlock","tags":{"block":true}},{"x":15,"y":0,"id":"StoneBlock","tags":{"block":true}},{"x":15,"y":18,"id":"LeaveBlock","tags":{"block":true}},{"x":15,"y":21,"id":"GrassBlock","tags":{"block":true}},{"x":15,"y":22,"id":"GroundBlock","tags":{"block":true}},{"x":15,"y":23,"id":"GroundBlock","tags":{"block":true}},{"x":15,"y":24,"id":"GroundBlock","tags":{"block":true}},{"x":15,"y":25,"id":"StoneBlock","tags":{"block":true}},{"x":15,"y":29,"id":"StoneBlock","tags":{"block":true}},{"x":16,"y":0,"id":"StoneBlock","tags":{"block":true}},{"x":16,"y":16,"id":"LeaveBlock","tags":{"block":true}},{"x":16,"y":17,"id":"LeaveBlock","tags":{"block":true}},{"x":16,"y":18,"id":"LeaveBlock","tags":{"block":true}},{"x":16,"y":21,"id":"GrassBlock","tags":{"block":true}},{"x":16,"y":22,"id":"GroundBlock","tags":{"block":true}},{"x":16,"y":23,"id":"GroundBlock","tags":{"block":true}},{"x":16,"y":24,"id":"GroundBlock","tags":{"block":true}},{"x":16,"y":25,"id":"StoneBlock","tags":{"block":true}},{"x":16,"y":29,"id":"StoneBlock","tags":{"block":true}},{"x":17,"y":0,"id":"StoneBlock","tags":{"block":true}},{"x":17,"y":15,"id":"LeaveBlock","tags":{"block":true}},{"x":17,"y":16,"id":"LeaveBlock","tags":{"block":true}},{"x":17,"y":17,"id":"LeaveBlock","tags":{"block":true}},{"x":17,"y":18,"id":"LeaveBlock","tags":{"block":true}},{"x":17,"y":19,"id":"WoodBlock","tags":{"block":true}},{"x":17,"y":20,"id":"WoodBlock","tags":{"block":true}},{"x":17,"y":21,"id":"GrassBlock","tags":{"block":true}},{"x":17,"y":22,"id":"GroundBlock","tags":{"block":true}},{"x":17,"y":23,"id":"GroundBlock","tags":{"block":true}},{"x":17,"y":24,"id":"StoneBlock","tags":{"block":true}},{"x":17,"y":25,"id":"StoneBlock","tags":{"block":true}},{"x":17,"y":29,"id":"StoneBlock","tags":{"block":true}},{"x":18,"y":0,"id":"StoneBlock","tags":{"block":true}},{"x":18,"y":16,"id":"LeaveBlock","tags":{"block":true}},{"x":18,"y":17,"id":"LeaveBlock","tags":{"block":true}},{"x":18,"y":18,"id":"LeaveBlock","tags":{"block":true}},{"x":18,"y":21,"id":"GrassBlock","tags":{"block":true}},{"x":18,"y":22,"id":"GroundBlock","tags":{"block":true}},{"x":18,"y":23,"id":"GroundBlock","tags":{"block":true}},{"x":18,"y":24,"id":"StoneBlock","tags":{"block":true}},{"x":18,"y":25,"id":"StoneBlock","tags":{"block":true}},{"x":18,"y":29,"id":"StoneBlock","tags":{"block":true}},{"x":19,"y":0,"id":"StoneBlock","tags":{"block":true}},{"x":19,"y":18,"id":"LeaveBlock","tags":{"block":true}},{"x":19,"y":21,"id":"GrassBlock","tags":{"block":true}},{"x":19,"y":22,"id":"GroundBlock","tags":{"block":true}},{"x":19,"y":23,"id":"GroundBlock","tags":{"block":true}},{"x":19,"y":24,"id":"StoneBlock","tags":{"block":true}},{"x":19,"y":25,"id":"StoneBlock","tags":{"block":true}},{"x":20,"y":0,"id":"StoneBlock","tags":{"block":true}},{"x":20,"y":21,"id":"GrassBlock","tags":{"block":true}},{"x":20,"y":22,"id":"GroundBlock","tags":{"block":true}},{"x":20,"y":23,"id":"GroundBlock","tags":{"block":true}},{"x":20,"y":24,"id":"StoneBlock","tags":{"block":true}},{"x":20,"y":25,"id":"StoneBlock","tags":{"block":true}},{"x":21,"y":0,"id":"StoneBlock","tags":{"block":true}},{"x":21,"y":21,"id":"SpawnerPoint","tags":{"block":true}},{"x":21,"y":22,"id":"GroundBlock","tags":{"block":true}},{"x":21,"y":23,"id":"GroundBlock","tags":{"block":true}},{"x":21,"y":24,"id":"StoneBlock","tags":{"block":true}},{"x":21,"y":25,"id":"StoneBlock","tags":{"block":true}},{"x":22,"y":0,"id":"StoneBlock","tags":{"block":true}},{"x":22,"y":21,"id":"GrassBlock","tags":{"block":true}},{"x":22,"y":22,"id":"GroundBlock","tags":{"block":true}},{"x":22,"y":23,"id":"GroundBlock","tags":{"block":true}},{"x":22,"y":24,"id":"StoneBlock","tags":{"block":true}},{"x":22,"y":25,"id":"StoneBlock","tags":{"block":true}},{"x":22,"y":29,"id":"StoneBlock","tags":{"block":true}},{"x":23,"y":0,"id":"StoneBlock","tags":{"block":true}},{"x":23,"y":20,"id":"LeaveBlock","tags":{"block":true}},{"x":23,"y":21,"id":"GrassBlock","tags":{"block":true}},{"x":23,"y":22,"id":"GroundBlock","tags":{"block":true}},{"x":23,"y":23,"id":"GroundBlock","tags":{"block":true}},{"x":23,"y":24,"id":"StoneBlock","tags":{"block":true}},{"x":23,"y":25,"id":"StoneBlock","tags":{"block":true}},{"x":23,"y":29,"id":"StoneBlock","tags":{"block":true}},{"x":24,"y":0,"id":"StoneBlock","tags":{"block":true}},{"x":24,"y":20,"id":"LeaveBlock","tags":{"block":true}},{"x":24,"y":21,"id":"GrassBlock","tags":{"block":true}},{"x":24,"y":22,"id":"GroundBlock","tags":{"block":true}},{"x":24,"y":23,"id":"GroundBlock","tags":{"block":true}},{"x":24,"y":24,"id":"GroundBlock","tags":{"block":true}},{"x":24,"y":25,"id":"StoneBlock","tags":{"block":true}},{"x":24,"y":29,"id":"StoneBlock","tags":{"block":true}},{"x":25,"y":0,"id":"StoneBlock","tags":{"block":true}},{"x":25,"y":22,"id":"GrassBlock","tags":{"block":true}},{"x":25,"y":23,"id":"GroundBlock","tags":{"block":true}},{"x":25,"y":24,"id":"GroundBlock","tags":{"block":true}},{"x":25,"y":25,"id":"StoneBlock","tags":{"block":true}},{"x":25,"y":29,"id":"StoneBlock","tags":{"block":true}},{"x":26,"y":0,"id":"StoneBlock","tags":{"block":true}},{"x":26,"y":22,"id":"GrassBlock","tags":{"block":true}},{"x":26,"y":23,"id":"GroundBlock","tags":{"block":true}},{"x":26,"y":24,"id":"GroundBlock","tags":{"block":true}},{"x":26,"y":25,"id":"StoneBlock","tags":{"block":true}},{"x":26,"y":26,"id":"StoneBlock","tags":{"block":true}},{"x":26,"y":27,"id":"StoneBlock","tags":{"block":true}},{"x":26,"y":28,"id":"StoneBlock","tags":{"block":true}},{"x":26,"y":29,"id":"StoneBlock","tags":{"block":true}},{"x":27,"y":0,"id":"StoneBlock","tags":{"block":true}},{"x":27,"y":23,"id":"GrassBlock","tags":{"block":true}},{"x":27,"y":24,"id":"GroundBlock","tags":{"block":true}},{"x":27,"y":25,"id":"GroundBlock","tags":{"block":true}},{"x":27,"y":26,"id":"StoneBlock","tags":{"block":true}},{"x":27,"y":27,"id":"StoneBlock","tags":{"block":true}},{"x":27,"y":28,"id":"StoneBlock","tags":{"block":true}},{"x":27,"y":29,"id":"StoneBlock","tags":{"block":true}},{"x":28,"y":0,"id":"StoneBlock","tags":{"block":true}},{"x":28,"y":9,"id":"LeaveBlock","tags":{"block":true}},{"x":28,"y":10,"id":"LeaveBlock","tags":{"block":true}},{"x":28,"y":11,"id":"LeaveBlock","tags":{"block":true}},{"x":28,"y":24,"id":"GrassBlock","tags":{"block":true}},{"x":28,"y":25,"id":"GroundBlock","tags":{"block":true}},{"x":28,"y":26,"id":"GroundBlock","tags":{"block":true}},{"x":28,"y":27,"id":"GroundBlock","tags":{"block":true}},{"x":28,"y":28,"id":"StoneBlock","tags":{"block":true}},{"x":28,"y":29,"id":"StoneBlock","tags":{"block":true}},{"x":29,"y":8,"id":"GrassBlock","tags":{"block":true}},{"x":29,"y":9,"id":"GroundBlock","tags":{"block":true}},{"x":29,"y":10,"id":"GroundBlock","tags":{"block":true}},{"x":29,"y":11,"id":"StoneBlock","tags":{"block":true}},{"x":29,"y":12,"id":"StoneBlock","tags":{"block":true}},{"x":29,"y":13,"id":"StoneBlock","tags":{"block":true}},{"x":29,"y":14,"id":"StoneBlock","tags":{"block":true}},{"x":29,"y":25,"id":"GrassBlock","tags":{"block":true}},{"x":29,"y":26,"id":"GroundBlock","tags":{"block":true}},{"x":29,"y":27,"id":"GroundBlock","tags":{"block":true}},{"x":29,"y":28,"id":"GroundBlock","tags":{"block":true}},{"x":29,"y":29,"id":"GroundBlock","tags":{"block":true}},{"x":30,"y":8,"id":"SpawnerPoint","tags":{"block":true}},{"x":30,"y":9,"id":"GroundBlock","tags":{"block":true}},{"x":30,"y":10,"id":"GroundBlock","tags":{"block":true}},{"x":30,"y":11,"id":"StoneBlock","tags":{"block":true}},{"x":30,"y":12,"id":"StoneBlock","tags":{"block":true}},{"x":30,"y":13,"id":"StoneBlock","tags":{"block":true}},{"x":30,"y":14,"id":"StoneBlock","tags":{"block":true}},{"x":30,"y":26,"id":"GrassBlock","tags":{"block":true}},{"x":30,"y":27,"id":"GroundBlock","tags":{"block":true}},{"x":30,"y":28,"id":"GroundBlock","tags":{"block":true}},{"x":30,"y":29,"id":"GroundBlock","tags":{"block":true}},{"x":31,"y":8,"id":"GrassBlock","tags":{"block":true}},{"x":31,"y":9,"id":"GroundBlock","tags":{"block":true}},{"x":31,"y":10,"id":"StoneBlock","tags":{"block":true}},{"x":31,"y":11,"id":"StoneBlock","tags":{"block":true}},{"x":31,"y":12,"id":"StoneBlock","tags":{"block":true}},{"x":31,"y":13,"id":"StoneBlock","tags":{"block":true}},{"x":31,"y":14,"id":"StoneBlock","tags":{"block":true}},{"x":32,"y":4,"id":"LeaveBlock","tags":{"block":true}},{"x":32,"y":5,"id":"LeaveBlock","tags":{"block":true}},{"x":32,"y":8,"id":"GrassBlock","tags":{"block":true}},{"x":32,"y":9,"id":"GroundBlock","tags":{"block":true}},{"x":32,"y":10,"id":"StoneBlock","tags":{"block":true}},{"x":32,"y":11,"id":"StoneBlock","tags":{"block":true}},{"x":32,"y":12,"id":"StoneBlock","tags":{"block":true}},{"x":32,"y":13,"id":"LeaveBlock","tags":{"block":true}},{"x":32,"y":14,"id":"LeaveBlock","tags":{"block":true}},{"x":32,"y":15,"id":"LeaveBlock","tags":{"block":true}},{"x":33,"y":3,"id":"LeaveBlock","tags":{"block":true}},{"x":33,"y":4,"id":"LeaveBlock","tags":{"block":true}},{"x":33,"y":5,"id":"LeaveBlock","tags":{"block":true}},{"x":33,"y":8,"id":"GrassBlock","tags":{"block":true}},{"x":33,"y":9,"id":"GroundBlock","tags":{"block":true}},{"x":33,"y":10,"id":"StoneBlock","tags":{"block":true}},{"x":33,"y":11,"id":"StoneBlock","tags":{"block":true}},{"x":33,"y":12,"id":"StoneBlock","tags":{"block":true}},{"x":33,"y":13,"id":"StoneBlock","tags":{"block":true}},{"x":33,"y":14,"id":"StoneBlock","tags":{"block":true}},{"x":33,"y":15,"id":"StoneBlock","tags":{"block":true}},{"x":33,"y":16,"id":"StoneBlock","tags":{"block":true}},{"x":34,"y":3,"id":"LeaveBlock","tags":{"block":true}},{"x":34,"y":4,"id":"LeaveBlock","tags":{"block":true}},{"x":34,"y":5,"id":"WoodBlock","tags":{"block":true}},{"x":34,"y":6,"id":"WoodBlock","tags":{"block":true}},{"x":34,"y":7,"id":"WoodBlock","tags":{"block":true}},{"x":34,"y":8,"id":"GrassBlock","tags":{"block":true}},{"x":34,"y":9,"id":"GroundBlock","tags":{"block":true}},{"x":34,"y":10,"id":"StoneBlock","tags":{"block":true}},{"x":34,"y":11,"id":"StoneBlock","tags":{"block":true}},{"x":34,"y":12,"id":"StoneBlock","tags":{"block":true}},{"x":34,"y":13,"id":"StoneBlock","tags":{"block":true}},{"x":34,"y":14,"id":"StoneBlock","tags":{"block":true}},{"x":34,"y":15,"id":"StoneBlock","tags":{"block":true}},{"x":34,"y":16,"id":"StoneBlock","tags":{"block":true}},{"x":34,"y":17,"id":"LeaveBlock","tags":{"block":true}},{"x":35,"y":3,"id":"LeaveBlock","tags":{"block":true}},{"x":35,"y":4,"id":"LeaveBlock","tags":{"block":true}},{"x":35,"y":5,"id":"LeaveBlock","tags":{"block":true}},{"x":35,"y":8,"id":"GrassBlock","tags":{"block":true}},{"x":35,"y":9,"id":"GroundBlock","tags":{"block":true}},{"x":35,"y":10,"id":"StoneBlock","tags":{"block":true}},{"x":35,"y":11,"id":"StoneBlock","tags":{"block":true}},{"x":35,"y":12,"id":"StoneBlock","tags":{"block":true}},{"x":35,"y":13,"id":"StoneBlock","tags":{"block":true}},{"x":35,"y":14,"id":"StoneBlock","tags":{"block":true}},{"x":35,"y":15,"id":"StoneBlock","tags":{"block":true}},{"x":35,"y":16,"id":"StoneBlock","tags":{"block":true}},{"x":36,"y":4,"id":"LeaveBlock","tags":{"block":true}},{"x":36,"y":5,"id":"LeaveBlock","tags":{"block":true}},{"x":36,"y":8,"id":"GrassBlock","tags":{"block":true}},{"x":36,"y":9,"id":"GroundBlock","tags":{"block":true}},{"x":36,"y":10,"id":"StoneBlock","tags":{"block":true}},{"x":36,"y":11,"id":"StoneBlock","tags":{"block":true}},{"x":36,"y":12,"id":"StoneBlock","tags":{"block":true}},{"x":36,"y":13,"id":"StoneBlock","tags":{"block":true}},{"x":36,"y":14,"id":"StoneBlock","tags":{"block":true}},{"x":36,"y":15,"id":"StoneBlock","tags":{"block":true}},{"x":37,"y":8,"id":"GrassBlock","tags":{"block":true}},{"x":37,"y":9,"id":"GroundBlock","tags":{"block":true}},{"x":37,"y":10,"id":"StoneBlock","tags":{"block":true}},{"x":37,"y":11,"id":"StoneBlock","tags":{"block":true}},{"x":37,"y":12,"id":"StoneBlock","tags":{"block":true}},{"x":37,"y":13,"id":"StoneBlock","tags":{"block":true}},{"x":37,"y":14,"id":"StoneBlock","tags":{"block":true}},{"x":38,"y":8,"id":"GrassBlock","tags":{"block":true}},{"x":38,"y":9,"id":"GroundBlock","tags":{"block":true}},{"x":38,"y":10,"id":"GroundBlock","tags":{"block":true}},{"x":38,"y":11,"id":"StoneBlock","tags":{"block":true}},{"x":38,"y":12,"id":"StoneBlock","tags":{"block":true}},{"x":38,"y":13,"id":"StoneBlock","tags":{"block":true}},{"x":38,"y":14,"id":"LeaveBlock","tags":{"block":true}},{"x":39,"y":8,"id":"LeaveBlock","tags":{"block":true}},{"x":39,"y":9,"id":"GrassBlock","tags":{"block":true}},{"x":39,"y":10,"id":"GroundBlock","tags":{"block":true}},{"x":39,"y":11,"id":"StoneBlock","tags":{"block":true}},{"x":39,"y":12,"id":"StoneBlock","tags":{"block":true}},{"x":39,"y":25,"id":"LeaveBlock","tags":{"block":true}},{"x":39,"y":26,"id":"LeaveBlock","tags":{"block":true}},{"x":39,"y":27,"id":"LeaveBlock","tags":{"block":true}},{"x":39,"y":28,"id":"LeaveBlock","tags":{"block":true}},{"x":40,"y":0,"id":"StoneBlock","tags":{"block":true}},{"x":40,"y":9,"id":"LeaveBlock","tags":{"block":true}},{"x":40,"y":10,"id":"LeaveBlock","tags":{"block":true}},{"x":40,"y":11,"id":"LeaveBlock","tags":{"block":true}},{"x":40,"y":12,"id":"LeaveBlock","tags":{"block":true}},{"x":40,"y":13,"id":"LeaveBlock","tags":{"block":true}},{"x":40,"y":14,"id":"LeaveBlock","tags":{"block":true}},{"x":40,"y":21,"id":"LeaveBlock","tags":{"block":true}},{"x":40,"y":22,"id":"LeaveBlock","tags":{"block":true}},{"x":40,"y":25,"id":"GrassBlock","tags":{"block":true}},{"x":40,"y":26,"id":"StoneBlock","tags":{"block":true}},{"x":40,"y":27,"id":"StoneBlock","tags":{"block":true}},{"x":40,"y":28,"id":"StoneBlock","tags":{"block":true}},{"x":40,"y":29,"id":"StoneBlock","tags":{"block":true}},{"x":41,"y":0,"id":"StoneBlock","tags":{"block":true}},{"x":41,"y":20,"id":"GrassBlock","tags":{"block":true}},{"x":41,"y":21,"id":"GroundBlock","tags":{"block":true}},{"x":41,"y":22,"id":"StoneBlock","tags":{"block":true}},{"x":41,"y":23,"id":"StoneBlock","tags":{"block":true}},{"x":41,"y":24,"id":"StoneBlock","tags":{"block":true}},{"x":41,"y":25,"id":"StoneBlock","tags":{"block":true}},{"x":41,"y":26,"id":"StoneBlock","tags":{"block":true}},{"x":41,"y":27,"id":"StoneBlock","tags":{"block":true}},{"x":41,"y":28,"id":"StoneBlock","tags":{"block":true}},{"x":41,"y":29,"id":"GroundBlock","tags":{"block":true}},{"x":42,"y":0,"id":"StoneBlock","tags":{"block":true}},{"x":42,"y":17,"id":"GrassBlock","tags":{"block":true}},{"x":42,"y":18,"id":"GroundBlock","tags":{"block":true}},{"x":42,"y":19,"id":"GroundBlock","tags":{"block":true}},{"x":42,"y":20,"id":"StoneBlock","tags":{"block":true}},{"x":42,"y":21,"id":"StoneBlock","tags":{"block":true}},{"x":42,"y":22,"id":"StoneBlock","tags":{"block":true}},{"x":42,"y":27,"id":"StoneBlock","tags":{"block":true}},{"x":42,"y":28,"id":"StoneBlock","tags":{"block":true}},{"x":42,"y":29,"id":"StoneBlock","tags":{"block":true}},{"x":43,"y":0,"id":"StoneBlock","tags":{"block":true}},{"x":43,"y":15,"id":"GrassBlock","tags":{"block":true}},{"x":43,"y":16,"id":"GroundBlock","tags":{"block":true}},{"x":43,"y":17,"id":"GroundBlock","tags":{"block":true}},{"x":43,"y":18,"id":"StoneBlock","tags":{"block":true}},{"x":43,"y":19,"id":"StoneBlock","tags":{"block":true}},{"x":43,"y":20,"id":"StoneBlock","tags":{"block":true}},{"x":43,"y":27,"id":"StoneBlock","tags":{"block":true}},{"x":43,"y":28,"id":"StoneBlock","tags":{"block":true}},{"x":43,"y":29,"id":"StoneBlock","tags":{"block":true}},{"x":44,"y":0,"id":"StoneBlock","tags":{"block":true}},{"x":44,"y":15,"id":"GrassBlock","tags":{"block":true}},{"x":44,"y":16,"id":"StoneBlock","tags":{"block":true}},{"x":44,"y":17,"id":"StoneBlock","tags":{"block":true}},{"x":44,"y":18,"id":"StoneBlock","tags":{"block":true}},{"x":44,"y":27,"id":"StoneBlock","tags":{"block":true}},{"x":44,"y":28,"id":"StoneBlock","tags":{"block":true}},{"x":44,"y":29,"id":"StoneBlock","tags":{"block":true}},{"x":45,"y":0,"id":"StoneBlock","tags":{"block":true}},{"x":45,"y":14,"id":"GrassBlock","tags":{"block":true}},{"x":45,"y":15,"id":"GroundBlock","tags":{"block":true}},{"x":45,"y":16,"id":"StoneBlock","tags":{"block":true}},{"x":45,"y":17,"id":"StoneBlock","tags":{"block":true}},{"x":45,"y":27,"id":"StoneBlock","tags":{"block":true}},{"x":45,"y":28,"id":"StoneBlock","tags":{"block":true}},{"x":45,"y":29,"id":"StoneBlock","tags":{"block":true}},{"x":46,"y":0,"id":"StoneBlock","tags":{"block":true}},{"x":46,"y":12,"id":"GrassBlock","tags":{"block":true}},{"x":46,"y":13,"id":"GroundBlock","tags":{"block":true}},{"x":46,"y":14,"id":"StoneBlock","tags":{"block":true}},{"x":46,"y":15,"id":"StoneBlock","tags":{"block":true}},{"x":46,"y":16,"id":"StoneBlock","tags":{"block":true}},{"x":46,"y":17,"id":"StoneBlock","tags":{"block":true}},{"x":46,"y":27,"id":"StoneBlock","tags":{"block":true}},{"x":46,"y":28,"id":"StoneBlock","tags":{"block":true}},{"x":46,"y":29,"id":"StoneBlock","tags":{"block":true}},{"x":47,"y":0,"id":"StoneBlock","tags":{"block":true}},{"x":47,"y":12,"id":"GrassBlock","tags":{"block":true}},{"x":47,"y":13,"id":"StoneBlock","tags":{"block":true}},{"x":47,"y":14,"id":"StoneBlock","tags":{"block":true}},{"x":47,"y":15,"id":"StoneBlock","tags":{"block":true}},{"x":47,"y":16,"id":"StoneBlock","tags":{"block":true}},{"x":47,"y":17,"id":"StoneBlock","tags":{"block":true}},{"x":47,"y":27,"id":"StoneBlock","tags":{"block":true}},{"x":47,"y":28,"id":"StoneBlock","tags":{"block":true}},{"x":47,"y":29,"id":"StoneBlock","tags":{"block":true}},{"x":48,"y":0,"id":"StoneBlock","tags":{"block":true}},{"x":48,"y":9,"id":"LeaveBlock","tags":{"block":true}},{"x":48,"y":10,"id":"LeaveBlock","tags":{"block":true}},{"x":48,"y":11,"id":"GrassBlock","tags":{"block":true}},{"x":48,"y":12,"id":"StoneBlock","tags":{"block":true}},{"x":48,"y":13,"id":"StoneBlock","tags":{"block":true}},{"x":48,"y":14,"id":"StoneBlock","tags":{"block":true}},{"x":48,"y":15,"id":"StoneBlock","tags":{"block":true}},{"x":48,"y":16,"id":"StoneBlock","tags":{"block":true}},{"x":48,"y":17,"id":"StoneBlock","tags":{"block":true}},{"x":48,"y":28,"id":"StoneBlock","tags":{"block":true}},{"x":48,"y":29,"id":"StoneBlock","tags":{"block":true}},{"x":49,"y":0,"id":"StoneBlock","tags":{"block":true}},{"x":49,"y":8,"id":"LeaveBlock","tags":{"block":true}},{"x":49,"y":9,"id":"GrassBlock","tags":{"block":true}},{"x":49,"y":10,"id":"GroundBlock","tags":{"block":true}},{"x":49,"y":11,"id":"StoneBlock","tags":{"block":true}},{"x":49,"y":12,"id":"StoneBlock","tags":{"block":true}},{"x":49,"y":13,"id":"StoneBlock","tags":{"block":true}},{"x":49,"y":14,"id":"StoneBlock","tags":{"block":true}},{"x":49,"y":15,"id":"StoneBlock","tags":{"block":true}},{"x":49,"y":16,"id":"StoneBlock","tags":{"block":true}},{"x":49,"y":17,"id":"StoneBlock","tags":{"block":true}},{"x":49,"y":27,"id":"StoneBlock","tags":{"block":true}},{"x":49,"y":28,"id":"StoneBlock","tags":{"block":true}},{"x":49,"y":29,"id":"StoneBlock","tags":{"block":true}},{"x":50,"y":0,"id":"StoneBlock","tags":{"block":true}},{"x":50,"y":8,"id":"GrassBlock","tags":{"block":true}},{"x":50,"y":9,"id":"GroundBlock","tags":{"block":true}},{"x":50,"y":10,"id":"StoneBlock","tags":{"block":true}},{"x":50,"y":11,"id":"StoneBlock","tags":{"block":true}},{"x":50,"y":12,"id":"StoneBlock","tags":{"block":true}},{"x":50,"y":13,"id":"StoneBlock","tags":{"block":true}},{"x":50,"y":14,"id":"StoneBlock","tags":{"block":true}},{"x":50,"y":15,"id":"StoneBlock","tags":{"block":true}},{"x":50,"y":16,"id":"StoneBlock","tags":{"block":true}},{"x":50,"y":17,"id":"StoneBlock","tags":{"block":true}},{"x":50,"y":27,"id":"StoneBlock","tags":{"block":true}},{"x":50,"y":28,"id":"StoneBlock","tags":{"block":true}},{"x":50,"y":29,"id":"StoneBlock","tags":{"block":true}},{"x":51,"y":0,"id":"StoneBlock","tags":{"block":true}},{"x":51,"y":8,"id":"GrassBlock","tags":{"block":true}},{"x":51,"y":9,"id":"GroundBlock","tags":{"block":true}},{"x":51,"y":10,"id":"StoneBlock","tags":{"block":true}},{"x":51,"y":11,"id":"StoneBlock","tags":{"block":true}},{"x":51,"y":12,"id":"StoneBlock","tags":{"block":true}},{"x":51,"y":13,"id":"StoneBlock","tags":{"block":true}},{"x":51,"y":14,"id":"StoneBlock","tags":{"block":true}},{"x":51,"y":15,"id":"StoneBlock","tags":{"block":true}},{"x":51,"y":16,"id":"StoneBlock","tags":{"block":true}},{"x":51,"y":17,"id":"StoneBlock","tags":{"block":true}},{"x":51,"y":27,"id":"StoneBlock","tags":{"block":true}},{"x":51,"y":28,"id":"StoneBlock","tags":{"block":true}},{"x":51,"y":29,"id":"StoneBlock","tags":{"block":true}},{"x":52,"y":0,"id":"StoneBlock","tags":{"block":true}},{"x":52,"y":9,"id":"GroundBlock","tags":{"block":true}},{"x":52,"y":10,"id":"StoneBlock","tags":{"block":true}},{"x":52,"y":11,"id":"StoneBlock","tags":{"block":true}},{"x":52,"y":12,"id":"StoneBlock","tags":{"block":true}},{"x":52,"y":13,"id":"StoneBlock","tags":{"block":true}},{"x":52,"y":14,"id":"StoneBlock","tags":{"block":true}},{"x":52,"y":15,"id":"StoneBlock","tags":{"block":true}},{"x":52,"y":16,"id":"LeaveBlock","tags":{"block":true}},{"x":52,"y":17,"id":"StoneBlock","tags":{"block":true}},{"x":52,"y":27,"id":"GrassBlock","tags":{"block":true}},{"x":52,"y":28,"id":"StoneBlock","tags":{"block":true}},{"x":52,"y":29,"id":"StoneBlock","tags":{"block":true}},{"x":53,"y":0,"id":"StoneBlock","tags":{"block":true}},{"x":53,"y":8,"id":"GrassBlock","tags":{"block":true}},{"x":53,"y":9,"id":"GroundBlock","tags":{"block":true}},{"x":53,"y":10,"id":"StoneBlock","tags":{"block":true}},{"x":53,"y":11,"id":"StoneBlock","tags":{"block":true}},{"x":53,"y":12,"id":"StoneBlock","tags":{"block":true}},{"x":53,"y":13,"id":"StoneBlock","tags":{"block":true}},{"x":53,"y":14,"id":"StoneBlock","tags":{"block":true}},{"x":53,"y":15,"id":"StoneBlock","tags":{"block":true}},{"x":53,"y":16,"id":"StoneBlock","tags":{"block":true}},{"x":53,"y":17,"id":"StoneBlock","tags":{"block":true}},{"x":53,"y":27,"id":"GrassBlock","tags":{"block":true}},{"x":53,"y":28,"id":"StoneBlock","tags":{"block":true}},{"x":53,"y":29,"id":"StoneBlock","tags":{"block":true}},{"x":54,"y":0,"id":"StoneBlock","tags":{"block":true}},{"x":54,"y":8,"id":"GrassBlock","tags":{"block":true}},{"x":54,"y":9,"id":"GroundBlock","tags":{"block":true}},{"x":54,"y":10,"id":"StoneBlock","tags":{"block":true}},{"x":54,"y":11,"id":"StoneBlock","tags":{"block":true}},{"x":54,"y":12,"id":"StoneBlock","tags":{"block":true}},{"x":54,"y":13,"id":"StoneBlock","tags":{"block":true}},{"x":54,"y":14,"id":"StoneBlock","tags":{"block":true}},{"x":54,"y":15,"id":"StoneBlock","tags":{"block":true}},{"x":54,"y":16,"id":"StoneBlock","tags":{"block":true}},{"x":54,"y":17,"id":"StoneBlock","tags":{"block":true}},{"x":54,"y":27,"id":"SpawnerPoint","tags":{"block":true}},{"x":54,"y":28,"id":"StoneBlock","tags":{"block":true}},{"x":54,"y":29,"id":"StoneBlock","tags":{"block":true}},{"x":55,"y":0,"id":"StoneBlock","tags":{"block":true}},{"x":55,"y":7,"id":"GrassBlock","tags":{"block":true}},{"x":55,"y":8,"id":"GroundBlock","tags":{"block":true}},{"x":55,"y":9,"id":"GroundBlock","tags":{"block":true}},{"x":55,"y":10,"id":"StoneBlock","tags":{"block":true}},{"x":55,"y":11,"id":"StoneBlock","tags":{"block":true}},{"x":55,"y":12,"id":"StoneBlock","tags":{"block":true}},{"x":55,"y":13,"id":"StoneBlock","tags":{"block":true}},{"x":55,"y":14,"id":"StoneBlock","tags":{"block":true}},{"x":55,"y":15,"id":"StoneBlock","tags":{"block":true}},{"x":55,"y":16,"id":"StoneBlock","tags":{"block":true}},{"x":55,"y":17,"id":"StoneBlock","tags":{"block":true}},{"x":55,"y":27,"id":"GrassBlock","tags":{"block":true}},{"x":55,"y":28,"id":"StoneBlock","tags":{"block":true}},{"x":55,"y":29,"id":"StoneBlock","tags":{"block":true}},{"x":56,"y":0,"id":"StoneBlock","tags":{"block":true}},{"x":56,"y":7,"id":"SpawnerPoint","tags":{"block":true}},{"x":56,"y":8,"id":"GroundBlock","tags":{"block":true}},{"x":56,"y":9,"id":"GroundBlock","tags":{"block":true}},{"x":56,"y":10,"id":"StoneBlock","tags":{"block":true}},{"x":56,"y":11,"id":"StoneBlock","tags":{"block":true}},{"x":56,"y":12,"id":"StoneBlock","tags":{"block":true}},{"x":56,"y":13,"id":"LeaveBlock","tags":{"block":true}},{"x":56,"y":14,"id":"StoneBlock","tags":{"block":true}},{"x":56,"y":15,"id":"StoneBlock","tags":{"block":true}},{"x":56,"y":16,"id":"LeaveBlock","tags":{"block":true}},{"x":56,"y":17,"id":"LeaveBlock","tags":{"block":true}},{"x":56,"y":18,"id":"LeaveBlock","tags":{"block":true}},{"x":56,"y":27,"id":"GrassBlock","tags":{"block":true}},{"x":56,"y":28,"id":"StoneBlock","tags":{"block":true}},{"x":56,"y":29,"id":"StoneBlock","tags":{"block":true}},{"x":57,"y":0,"id":"StoneBlock","tags":{"block":true}},{"x":57,"y":7,"id":"GrassBlock","tags":{"block":true}},{"x":57,"y":8,"id":"GroundBlock","tags":{"block":true}},{"x":57,"y":9,"id":"GroundBlock","tags":{"block":true}},{"x":57,"y":10,"id":"StoneBlock","tags":{"block":true}},{"x":57,"y":11,"id":"StoneBlock","tags":{"block":true}},{"x":57,"y":12,"id":"StoneBlock","tags":{"block":true}},{"x":57,"y":13,"id":"LeaveBlock","tags":{"block":true}},{"x":57,"y":14,"id":"StoneBlock","tags":{"block":true}},{"x":57,"y":15,"id":"StoneBlock","tags":{"block":true}},{"x":57,"y":16,"id":"StoneBlock","tags":{"block":true}},{"x":57,"y":17,"id":"StoneBlock","tags":{"block":true}},{"x":57,"y":27,"id":"StoneBlock","tags":{"block":true}},{"x":57,"y":28,"id":"StoneBlock","tags":{"block":true}},{"x":57,"y":29,"id":"StoneBlock","tags":{"block":true}},{"x":58,"y":0,"id":"StoneBlock","tags":{"block":true}},{"x":58,"y":7,"id":"GrassBlock","tags":{"block":true}},{"x":58,"y":8,"id":"GroundBlock","tags":{"block":true}},{"x":58,"y":9,"id":"StoneBlock","tags":{"block":true}},{"x":58,"y":10,"id":"StoneBlock","tags":{"block":true}},{"x":58,"y":11,"id":"StoneBlock","tags":{"block":true}},{"x":58,"y":12,"id":"StoneBlock","tags":{"block":true}},{"x":58,"y":13,"id":"StoneBlock","tags":{"block":true}},{"x":58,"y":14,"id":"StoneBlock","tags":{"block":true}},{"x":58,"y":15,"id":"StoneBlock","tags":{"block":true}},{"x":58,"y":16,"id":"StoneBlock","tags":{"block":true}},{"x":58,"y":17,"id":"StoneBlock","tags":{"block":true}},{"x":58,"y":27,"id":"StoneBlock","tags":{"block":true}},{"x":58,"y":28,"id":"StoneBlock","tags":{"block":true}},{"x":58,"y":29,"id":"StoneBlock","tags":{"block":true}},{"x":59,"y":0,"id":"StoneBlock","tags":{"block":true}},{"x":59,"y":7,"id":"GrassBlock","tags":{"block":true}},{"x":59,"y":8,"id":"GroundBlock","tags":{"block":true}},{"x":59,"y":9,"id":"StoneBlock","tags":{"block":true}},{"x":59,"y":10,"id":"StoneBlock","tags":{"block":true}},{"x":59,"y":11,"id":"StoneBlock","tags":{"block":true}},{"x":59,"y":12,"id":"StoneBlock","tags":{"block":true}},{"x":59,"y":13,"id":"StoneBlock","tags":{"block":true}},{"x":59,"y":14,"id":"StoneBlock","tags":{"block":true}},{"x":59,"y":15,"id":"StoneBlock","tags":{"block":true}},{"x":59,"y":16,"id":"StoneBlock","tags":{"block":true}},{"x":59,"y":17,"id":"StoneBlock","tags":{"block":true}},{"x":59,"y":27,"id":"StoneBlock","tags":{"block":true}},{"x":59,"y":28,"id":"StoneBlock","tags":{"block":true}},{"x":59,"y":29,"id":"StoneBlock","tags":{"block":true}}],"background":"resources/backgrounds/Sky.png","width":60,"height":30}