{"entities":[{"x":1,"y":10,"id":"PortalBlock","tags":{"id":7}},{"x":1,"y":16,"id":"MovingHorizontalPlatform","tags":{"blockMove":3,"speed":1}},{"x":1,"y":27,"id":"PortalBlock","tags":{"id":7}},{"x":2,"y":16,"id":"MovingHorizontalPlatform","tags":{"blockMove":3,"speed":1}},{"x":3,"y":16,"id":"MovingHorizontalPlatform","tags":{"blockMove":3,"speed":1}},{"x":4,"y":4,"id":"MovingHorizontalPlatform","tags":{"blockMove":3,"speed":1}},{"x":4,"y":16,"id":"MovingHorizontalPlatform","tags":{"blockMove":3,"speed":1}},{"x":5,"y":4,"id":"MovingHorizontalPlatform","tags":{"blockMove":3,"speed":1}},{"x":5,"y":16,"id":"MovingHorizontalPlatform","tags":{"blockMove":3,"speed":1}},{"x":6,"y":4,"id":"MovingHorizontalPlatform","tags":{"blockMove":3,"speed":1}},{"x":6,"y":16,"id":"MovingHorizontalPlatform","tags":{"blockMove":3,"speed":1}},{"x":7,"y":4,"id":"MovingHorizontalPlatform","tags":{"blockMove":3,"speed":1}},{"x":7,"y":16,"id":"MovingHorizontalPlatform","tags":{"blockMove":3,"speed":1}},{"x":8,"y":4,"id":"MovingHorizontalPlatform","tags":{"blockMove":3,"speed":1}},{"x":8,"y":16,"id":"MovingHorizontalPlatform","tags":{"blockMove":3,"speed":1}},{"x":10,"y":19,"id":"PortalBlock","tags":{"id":14}},{"x":13,"y":7,"id":"MalusBlock","tags":{"animated":true}},{"x":14,"y":21,"id":"PowerUpBlock","tags":{"animated":true}},{"x":17,"y":18,"id":"MovingHorizontalPlatform","tags":{"blockMove":3,"speed":1}},{"x":18,"y":18,"id":"MovingHorizontalPlatform","tags":{"blockMove":3,"speed":1}},{"x":18,"y":29,"id":"PowerUpBlock","tags":{"animated":true}},{"x":19,"y":18,"id":"MovingHorizontalPlatform","tags":{"blockMove":3,"speed":1}},{"x":20,"y":12,"id":"MovingHorizontalPlatform","tags":{"blockMove":3,"speed":1}},{"x":20,"y":18,"id":"MovingHorizontalPlatform","tags":{"blockMove":3,"speed":1}},{"x":21,"y":12,"id":"MovingHorizontalPlatform","tags":{"blockMove":3,"speed":1}},{"x":21,"y":18,"id":"MovingHorizontalPlatform","tags":{"blockMove":3,"speed":1}},{"x":22,"y":12,"id":"MovingHorizontalPlatform","tags":{"blockMove":3,"speed":1}},{"x":22,"y":18,"id":"MovingHorizontalPlatform","tags":{"blockMove":3,"speed":1}},{"x":23,"y":12,"id":"MovingHorizontalPlatform","tags":{"blockMove":3,"speed":1}},{"x":23,"y":18,"id":"MovingHorizontalPlatform","tags":{"blockMove":3,"speed":1}},{"x":24,"y":5,"id":"PortalBlock","tags":{"id":17}},{"x":24,"y":18,"id":"MovingHorizontalPlatform","tags":{"blockMove":3,"speed":1}},{"x":25,"y":18,"id":"MovingHorizontalPlatform","tags":{"blockMove":3,"speed":1}},{"x":28,"y":27,"id":"PortalBlock","tags":{"id":14}},{"x":29,"y":9,"id":"PortalBlock","tags":{"id":19}},{"x":35,"y":13,"id":"MovingHorizontalPlatform","tags":{"blockMove":3,"speed":1}},{"x":36,"y":4,"id":"PortalBlock","tags":{"id":20}},{"x":36,"y":13,"id":"MovingHorizontalPlatform","tags":{"blockMove":3,"speed":1}},{"x":37,"y":10,"id":"PortalBlock","tags":{"id":19}},{"x":37,"y":13,"id":"MovingHorizontalPlatform","tags":{"blockMove":3,"speed":1}},{"x":37,"y":17,"id":"PortalBlock","tags":{"id":17}},{"x":37,"y":27,"id":"PortalBlock","tags":{"id":13}},{"x":38,"y":13,"id":"MovingHorizontalPlatform","tags":{"blockMove":3,"speed":1}},{"x":39,"y":13,"id":"MovingHorizontalPlatform","tags":{"blockMove":3,"speed":1}},{"x":40,"y":13,"id":"MovingHorizontalPlatform","tags":{"blockMove":3,"speed":1}},{"x":41,"y":13,"id":"MovingHorizontalPlatform","tags":{"blockMove":3,"speed":1}},{"x":41,"y":21,"id":"PowerUpBlock","tags":{"animated":true}},{"x":41,"y":29,"id":"MalusBlock","tags":{"animated":true}},{"x":43,"y":28,"id":"MovingHorizontalPlatform","tags":{"blockMove":3,"speed":1}},{"x":44,"y":28,"id":"MovingHorizontalPlatform","tags":{"blockMove":3,"speed":1}},{"x":45,"y":28,"id":"MovingHorizontalPlatform","tags":{"blockMove":3,"speed":1}},{"x":47,"y":2,"id":"MovingVerticalPlatform","tags":{"blockMove":3,"speed":1}},{"x":47,"y":3,"id":"MovingVerticalPlatform","tags":{"blockMove":3,"speed":1}},{"x":47,"y":4,"id":"MovingVerticalPlatform","tags":{"blockMove":3,"speed":1}},{"x":50,"y":7,"id":"MalusBlock","tags":{"animated":true}},{"x":50,"y":21,"id":"PowerUpBlock","tags":{"animated":true}},{"x":52,"y":2,"id":"MovingVerticalPlatform","tags":{"blockMove":3,"speed":1}},{"x":52,"y":3,"id":"MovingVerticalPlatform","tags":{"blockMove":3,"speed":1}},{"x":52,"y":4,"id":"MovingVerticalPlatform","tags":{"blockMove":3,"speed":1}},{"x":57,"y":2,"id":"MovingVerticalPlatform","tags":{"blockMove":3,"speed":1}},{"x":57,"y":3,"id":"MovingVerticalPlatform","tags":{"blockMove":3,"speed":1}},{"x":57,"y":4,"id":"MovingVerticalPlatform","tags":{"blockMove":3,"speed":1}},{"x":57,"y":19,"id":"PortalBlock","tags":{"id":13}},{"x":57,"y":23,"id":"PortalBlock","tags":{"id":20}}],"blocks":[{"x":0,"y":0,"id":"StoneBlock","tags":{"block":true}},{"x":0,"y":7,"id":"WoodBlock","tags":{"block":true}},{"x":0,"y":21,"id":"GrassBlock","tags":{"block":true}},{"x":0,"y":29,"id":"StoneBlock","tags":{"block":true}},{"x":1,"y":0,"id":"StoneBlock","tags":{"block":true}},{"x":1,"y":7,"id":"WoodBlock","tags":{"block":true}},{"x":1,"y":21,"id":"GrassBlock","tags":{"block":true}},{"x":1,"y":29,"id":"StoneBlock","tags":{"block":true}},{"x":2,"y":0,"id":"StoneBlock","tags":{"block":true}},{"x":2,"y":7,"id":"WoodBlock","tags":{"block":true}},{"x":2,"y":21,"id":"GrassBlock","tags":{"block":true}},{"x":2,"y":29,"id":"StoneBlock","tags":{"block":true}},{"x":3,"y":0,"id":"StoneBlock","tags":{"block":true}},{"x":3,"y":7,"id":"WoodBlock","tags":{"block":true}},{"x":3,"y":21,"id":"GrassBlock","tags":{"block":true}},{"x":3,"y":29,"id":"StoneBlock","tags":{"block":true}},{"x":4,"y":0,"id":"StoneBlock","tags":{"block":true}},{"x":4,"y":7,"id":"WoodBlock","tags":{"block":true}},{"x":4,"y":21,"id":"GrassBlock","tags":{"block":true}},{"x":4,"y":29,"id":"StoneBlock","tags":{"block":true}},{"x":5,"y":0,"id":"StoneBlock","tags":{"block":true}},{"x":5,"y":7,"id":"WoodBlock","tags":{"block":true}},{"x":5,"y":13,"id":"GrassBlock","tags":{"block":true}},{"x":5,"y":21,"id":"GrassBlock","tags":{"block":true}},{"x":5,"y":29,"id":"StoneBlock","tags":{"block":true}},{"x":6,"y":0,"id":"StoneBlock","tags":{"block":true}},{"x":6,"y":7,"id":"WoodBlock","tags":{"block":true}},{"x":6,"y":13,"id":"GrassBlock","tags":{"block":true}},{"x":6,"y":21,"id":"GrassBlock","tags":{"block":true}},{"x":6,"y":29,"id":"StoneBlock","tags":{"block":true}},{"x":7,"y":0,"id":"StoneBlock","tags":{"block":true}},{"x":7,"y":7,"id":"WoodBlock","tags":{"block":true}},{"x":7,"y":13,"id":"GrassBlock","tags":{"block":true}},{"x":7,"y":21,"id":"GrassBlock","tags":{"block":true}},{"x":7,"y":29,"id":"StoneBlock","tags":{"block":true}},{"x":8,"y":0,"id":"StoneBlock","tags":{"block":true}},{"x":8,"y":7,"id":"WoodBlock","tags":{"block":true}},{"x":8,"y":13,"id":"SpawnerPoint","tags":{"block":true}},{"x":8,"y":21,"id":"GrassBlock","tags":{"block":true}},{"x":8,"y":29,"id":"StoneBlock","tags":{"block":true}},{"x":9,"y":0,"id":"StoneBlock","tags":{"block":true}},{"x":9,"y":7,"id":"WoodBlock","tags":{"block":true}},{"x":9,"y":13,"id":"GrassBlock","tags":{"block":true}},{"x":9,"y":21,"id":"GrassBlock","tags":{"block":true}},{"x":9,"y":28,"id":"GroundBlock","tags":{"block":true}},{"x":9,"y":29,"id":"StoneBlock","tags":{"block":true}},{"x":10,"y":0,"id":"StoneBlock","tags":{"block":true}},{"x":10,"y":7,"id":"WoodBlock","tags":{"block":true}},{"x":10,"y":13,"id":"GrassBlock","tags":{"block":true}},{"x":10,"y":21,"id":"GrassBlock","tags":{"block":true}},{"x":10,"y":27,"id":"GroundBlock","tags":{"block":true}},{"x":10,"y":28,"id":"GroundBlock","tags":{"block":true}},{"x":10,"y":29,"id":"StoneBlock","tags":{"block":true}},{"x":11,"y":0,"id":"StoneBlock","tags":{"block":true}},{"x":11,"y":7,"id":"WoodBlock","tags":{"block":true}},{"x":11,"y":13,"id":"GrassBlock","tags":{"block":true}},{"x":11,"y":21,"id":"GrassBlock","tags":{"block":true}},{"x":11,"y":26,"id":"GroundBlock","tags":{"block":true}},{"x":11,"y":27,"id":"GroundBlock","tags":{"block":true}},{"x":11,"y":28,"id":"GroundBlock","tags":{"block":true}},{"x":11,"y":29,"id":"StoneBlock","tags":{"block":true}},{"x":12,"y":7,"id":"WoodBlock","tags":{"block":true}},{"x":12,"y":21,"id":"GrassBlock","tags":{"block":true}},{"x":13,"y":21,"id":"GrassBlock","tags":{"block":true}},{"x":14,"y":0,"id":"StoneBlock","tags":{"block":true}},{"x":14,"y":7,"id":"WoodBlock","tags":{"block":true}},{"x":14,"y":26,"id":"GroundBlock","tags":{"block":true}},{"x":14,"y":27,"id":"GroundBlock","tags":{"block":true}},{"x":14,"y":28,"id":"GroundBlock","tags":{"block":true}},{"x":14,"y":29,"id":"StoneBlock","tags":{"block":true}},{"x":15,"y":0,"id":"StoneBlock","tags":{"block":true}},{"x":15,"y":7,"id":"WoodBlock","tags":{"block":true}},{"x":15,"y":21,"id":"GrassBlock","tags":{"block":true}},{"x":15,"y":27,"id":"GroundBlock","tags":{"block":true}},{"x":15,"y":28,"id":"GroundBlock","tags":{"block":true}},{"x":15,"y":29,"id":"StoneBlock","tags":{"block":true}},{"x":16,"y":0,"id":"StoneBlock","tags":{"block":true}},{"x":16,"y":7,"id":"WoodBlock","tags":{"block":true}},{"x":16,"y":21,"id":"GrassBlock","tags":{"block":true}},{"x":16,"y":28,"id":"GroundBlock","tags":{"block":true}},{"x":16,"y":29,"id":"StoneBlock","tags":{"block":true}},{"x":17,"y":0,"id":"StoneBlock","tags":{"block":true}},{"x":17,"y":7,"id":"WoodBlock","tags":{"block":true}},{"x":17,"y":21,"id":"GrassBlock","tags":{"block":true}},{"x":17,"y":29,"id":"StoneBlock","tags":{"block":true}},{"x":18,"y":0,"id":"StoneBlock","tags":{"block":true}},{"x":18,"y":7,"id":"WoodBlock","tags":{"block":true}},{"x":18,"y":21,"id":"GrassBlock","tags":{"block":true}},{"x":19,"y":0,"id":"StoneBlock","tags":{"block":true}},{"x":19,"y":7,"id":"WoodBlock","tags":{"block":true}},{"x":19,"y":21,"id":"GrassBlock","tags":{"block":true}},{"x":19,"y":29,"id":"StoneBlock","tags":{"block":true}},{"x":20,"y":0,"id":"StoneBlock","tags":{"block":true}},{"x":20,"y":7,"id":"WoodBlock","tags":{"block":true}},{"x":20,"y":21,"id":"GrassBlock","tags":{"block":true}},{"x":20,"y":29,"id":"StoneBlock","tags":{"block":true}},{"x":21,"y":0,"id":"StoneBlock","tags":{"block":true}},{"x":21,"y":1,"id":"WoodBlock","tags":{"block":true}},{"x":21,"y":7,"id":"WoodBlock","tags":{"block":true}},{"x":21,"y":21,"id":"GrassBlock","tags":{"block":true}},{"x":21,"y":29,"id":"StoneBlock","tags":{"block":true}},{"x":22,"y":0,"id":"StoneBlock","tags":{"block":true}},{"x":22,"y":1,"id":"WoodBlock","tags":{"block":true}},{"x":22,"y":7,"id":"WoodBlock","tags":{"block":true}},{"x":22,"y":21,"id":"GrassBlock","tags":{"block":true}},{"x":22,"y":29,"id":"StoneBlock","tags":{"block":true}},{"x":23,"y":0,"id":"StoneBlock","tags":{"block":true}},{"x":23,"y":1,"id":"WoodBlock","tags":{"block":true}},{"x":23,"y":7,"id":"WoodBlock","tags":{"block":true}},{"x":23,"y":21,"id":"GrassBlock","tags":{"block":true}},{"x":23,"y":25,"id":"GrassBlock","tags":{"block":true}},{"x":23,"y":29,"id":"StoneBlock","tags":{"block":true}},{"x":24,"y":0,"id":"StoneBlock","tags":{"block":true}},{"x":24,"y":1,"id":"WoodBlock","tags":{"block":true}},{"x":24,"y":7,"id":"WoodBlock","tags":{"block":true}},{"x":24,"y":21,"id":"GrassBlock","tags":{"block":true}},{"x":24,"y":25,"id":"GrassBlock","tags":{"block":true}},{"x":24,"y":29,"id":"StoneBlock","tags":{"block":true}},{"x":25,"y":0,"id":"StoneBlock","tags":{"block":true}},{"x":25,"y":1,"id":"WoodBlock","tags":{"block":true}},{"x":25,"y":7,"id":"WoodBlock","tags":{"block":true}},{"x":25,"y":21,"id":"GrassBlock","tags":{"block":true}},{"x":25,"y":25,"id":"GrassBlock","tags":{"block":true}},{"x":25,"y":29,"id":"StoneBlock","tags":{"block":true}},{"x":26,"y":0,"id":"StoneBlock","tags":{"block":true}},{"x":26,"y":1,"id":"LeaveBlock","tags":{"block":true}},{"x":26,"y":2,"id":"LeaveBlock","tags":{"block":true}},{"x":26,"y":7,"id":"WoodBlock","tags":{"block":true}},{"x":26,"y":21,"id":"GrassBlock","tags":{"block":true}},{"x":26,"y":25,"id":"SpawnerPoint","tags":{"block":true}},{"x":26,"y":29,"id":"StoneBlock","tags":{"block":true}},{"x":27,"y":0,"id":"StoneBlock","tags":{"block":true}},{"x":27,"y":1,"id":"LeaveBlock","tags":{"block":true}},{"x":27,"y":2,"id":"LeaveBlock","tags":{"block":true}},{"x":27,"y":3,"id":"LeaveBlock","tags":{"block":true}},{"x":27,"y":7,"id":"WoodBlock","tags":{"block":true}},{"x":27,"y":21,"id":"GrassBlock","tags":{"block":true}},{"x":27,"y":25,"id":"GrassBlock","tags":{"block":true}},{"x":27,"y":29,"id":"StoneBlock","tags":{"block":true}},{"x":28,"y":0,"id":"StoneBlock","tags":{"block":true}},{"x":28,"y":1,"id":"LeaveBlock","tags":{"block":true}},{"x":28,"y":2,"id":"LeaveBlock","tags":{"block":true}},{"x":28,"y":3,"id":"LeaveBlock","tags":{"block":true}},{"x":28,"y":7,"id":"WoodBlock","tags":{"block":true}},{"x":28,"y":21,"id":"GrassBlock","tags":{"block":true}},{"x":28,"y":25,"id":"GrassBlock","tags":{"block":true}},{"x":28,"y":29,"id":"StoneBlock","tags":{"block":true}},{"x":29,"y":0,"id":"StoneBlock","tags":{"block":true}},{"x":29,"y":1,"id":"LeaveBlock","tags":{"block":true}},{"x":29,"y":2,"id":"LeaveBlock","tags":{"block":true}},{"x":29,"y":3,"id":"LeaveBlock","tags":{"block":true}},{"x":29,"y":7,"id":"WoodBlock","tags":{"block":true}},{"x":29,"y":21,"id":"GrassBlock","tags":{"block":true}},{"x":29,"y":25,"id":"GrassBlock","tags":{"block":true}},{"x":29,"y":29,"id":"StoneBlock","tags":{"block":true}},{"x":30,"y":0,"id":"StoneBlock","tags":{"block":true}},{"x":30,"y":7,"id":"WoodBlock","tags":{"block":true}},{"x":30,"y":21,"id":"GrassBlock","tags":{"block":true}},{"x":30,"y":29,"id":"StoneBlock","tags":{"block":true}},{"x":31,"y":0,"id":"StoneBlock","tags":{"block":true}},{"x":31,"y":7,"id":"WoodBlock","tags":{"block":true}},{"x":31,"y":17,"id":"GrassBlock","tags":{"block":true}},{"x":31,"y":18,"id":"GroundBlock","tags":{"block":true}},{"x":31,"y":19,"id":"GroundBlock","tags":{"block":true}},{"x":31,"y":20,"id":"GroundBlock","tags":{"block":true}},{"x":31,"y":21,"id":"GrassBlock","tags":{"block":true}},{"x":31,"y":29,"id":"StoneBlock","tags":{"block":true}},{"x":32,"y":0,"id":"StoneBlock","tags":{"block":true}},{"x":32,"y":7,"id":"WoodBlock","tags":{"block":true}},{"x":32,"y":17,"id":"GrassBlock","tags":{"block":true}},{"x":32,"y":18,"id":"GroundBlock","tags":{"block":true}},{"x":32,"y":19,"id":"GroundBlock","tags":{"block":true}},{"x":32,"y":20,"id":"GroundBlock","tags":{"block":true}},{"x":32,"y":21,"id":"GrassBlock","tags":{"block":true}},{"x":32,"y":29,"id":"StoneBlock","tags":{"block":true}},{"x":33,"y":0,"id":"StoneBlock","tags":{"block":true}},{"x":33,"y":1,"id":"StoneBlock","tags":{"block":true}},{"x":33,"y":2,"id":"StoneBlock","tags":{"block":true}},{"x":33,"y":3,"id":"StoneBlock","tags":{"block":true}},{"x":33,"y":4,"id":"StoneBlock","tags":{"block":true}},{"x":33,"y":5,"id":"StoneBlock","tags":{"block":true}},{"x":33,"y":6,"id":"StoneBlock","tags":{"block":true}},{"x":33,"y":7,"id":"StoneBlock","tags":{"block":true}},{"x":33,"y":8,"id":"StoneBlock","tags":{"block":true}},{"x":33,"y":9,"id":"StoneBlock","tags":{"block":true}},{"x":33,"y":10,"id":"StoneBlock","tags":{"block":true}},{"x":33,"y":11,"id":"StoneBlock","tags":{"block":true}},{"x":33,"y":12,"id":"StoneBlock","tags":{"block":true}},{"x":33,"y":13,"id":"StoneBlock","tags":{"block":true}},{"x":33,"y":14,"id":"StoneBlock","tags":{"block":true}},{"x":33,"y":15,"id":"StoneBlock","tags":{"block":true}},{"x":33,"y":16,"id":"StoneBlock","tags":{"block":true}},{"x":33,"y":17,"id":"StoneBlock","tags":{"block":true}},{"x":33,"y":18,"id":"StoneBlock","tags":{"block":true}},{"x":33,"y":19,"id":"StoneBlock","tags":{"block":true}},{"x":33,"y":20,"id":"StoneBlock","tags":{"block":true}},{"x":33,"y":21,"id":"StoneBlock","tags":{"block":true}},{"x":33,"y":22,"id":"StoneBlock","tags":{"block":true}},{"x":33,"y":23,"id":"StoneBlock","tags":{"block":true}},{"x":33,"y":24,"id":"StoneBlock","tags":{"block":true}},{"x":33,"y":25,"id":"StoneBlock","tags":{"block":true}},{"x":33,"y":26,"id":"StoneBlock","tags":{"block":true}},{"x":33,"y":27,"id":"StoneBlock","tags":{"block":true}},{"x":33,"y":28,"id":"StoneBlock","tags":{"block":true}},{"x":33,"y":29,"id":"StoneBlock","tags":{"block":true}},{"x":34,"y":0,"id":"StoneBlock","tags":{"block":true}},{"x":34,"y":1,"id":"StoneBlock","tags":{"block":true}},{"x":34,"y":2,"id":"StoneBlock","tags":{"block":true}},{"x":34,"y":3,"id":"StoneBlock","tags":{"block":true}},{"x":34,"y":4,"id":"StoneBlock","tags":{"block":true}},{"x":34,"y":5,"id":"StoneBlock","tags":{"block":true}},{"x":34,"y":6,"id":"StoneBlock","tags":{"block":true}},{"x":34,"y":7,"id":"StoneBlock","tags":{"block":true}},{"x":34,"y":8,"id":"StoneBlock","tags":{"block":true}},{"x":34,"y":9,"id":"StoneBlock","tags":{"block":true}},{"x":34,"y":10,"id":"StoneBlock","tags":{"block":true}},{"x":34,"y":11,"id":"StoneBlock","tags":{"block":true}},{"x":34,"y":12,"id":"StoneBlock","tags":{"block":true}},{"x":34,"y":13,"id":"StoneBlock","tags":{"block":true}},{"x":34,"y":14,"id":"StoneBlock","tags":{"block":true}},{"x":34,"y":15,"id":"StoneBlock","tags":{"block":true}},{"x":34,"y":16,"id":"StoneBlock","tags":{"block":true}},{"x":34,"y":17,"id":"StoneBlock","tags":{"block":true}},{"x":34,"y":18,"id":"StoneBlock","tags":{"block":true}},{"x":34,"y":19,"id":"StoneBlock","tags":{"block":true}},{"x":34,"y":20,"id":"StoneBlock","tags":{"block":true}},{"x":34,"y":21,"id":"StoneBlock","tags":{"block":true}},{"x":34,"y":22,"id":"StoneBlock","tags":{"block":true}},{"x":34,"y":23,"id":"StoneBlock","tags":{"block":true}},{"x":34,"y":24,"id":"StoneBlock","tags":{"block":true}},{"x":34,"y":25,"id":"StoneBlock","tags":{"block":true}},{"x":34,"y":26,"id":"StoneBlock","tags":{"block":true}},{"x":34,"y":27,"id":"StoneBlock","tags":{"block":true}},{"x":34,"y":28,"id":"StoneBlock","tags":{"block":true}},{"x":34,"y":29,"id":"StoneBlock","tags":{"block":true}},{"x":35,"y":0,"id":"StoneBlock","tags":{"block":true}},{"x":35,"y":7,"id":"LeaveBlock","tags":{"block":true}},{"x":35,"y":19,"id":"GrassBlock","tags":{"block":true}},{"x":35,"y":20,"id":"GroundBlock","tags":{"block":true}},{"x":35,"y":21,"id":"GroundBlock","tags":{"block":true}},{"x":35,"y":29,"id":"StoneBlock","tags":{"block":true}},{"x":36,"y":0,"id":"StoneBlock","tags":{"block":true}},{"x":36,"y":7,"id":"LeaveBlock","tags":{"block":true}},{"x":36,"y":19,"id":"GrassBlock","tags":{"block":true}},{"x":36,"y":20,"id":"GroundBlock","tags":{"block":true}},{"x":36,"y":21,"id":"GroundBlock","tags":{"block":true}},{"x":36,"y":29,"id":"SpawnerPoint","tags":{"block":true}},{"x":37,"y":0,"id":"StoneBlock","tags":{"block":true}},{"x":37,"y":7,"id":"LeaveBlock","tags":{"block":true}},{"x":37,"y":19,"id":"GrassBlock","tags":{"block":true}},{"x":37,"y":20,"id":"GroundBlock","tags":{"block":true}},{"x":37,"y":21,"id":"GroundBlock","tags":{"block":true}},{"x":37,"y":29,"id":"StoneBlock","tags":{"block":true}},{"x":38,"y":0,"id":"StoneBlock","tags":{"block":true}},{"x":38,"y":7,"id":"LeaveBlock","tags":{"block":true}},{"x":38,"y":19,"id":"GrassBlock","tags":{"block":true}},{"x":38,"y":20,"id":"GroundBlock","tags":{"block":true}},{"x":38,"y":21,"id":"GroundBlock","tags":{"block":true}},{"x":38,"y":29,"id":"StoneBlock","tags":{"block":true}},{"x":39,"y":0,"id":"StoneBlock","tags":{"block":true}},{"x":39,"y":7,"id":"LeaveBlock","tags":{"block":true}},{"x":39,"y":21,"id":"GroundBlock","tags":{"block":true}},{"x":39,"y":29,"id":"StoneBlock","tags":{"block":true}},{"x":40,"y":0,"id":"StoneBlock","tags":{"block":true}},{"x":40,"y":7,"id":"LeaveBlock","tags":{"block":true}},{"x":40,"y":21,"id":"GroundBlock","tags":{"block":true}},{"x":40,"y":29,"id":"StoneBlock","tags":{"block":true}},{"x":41,"y":0,"id":"StoneBlock","tags":{"block":true}},{"x":41,"y":7,"id":"LeaveBlock","tags":{"block":true}},{"x":42,"y":0,"id":"StoneBlock","tags":{"block":true}},{"x":42,"y":2,"id":"LeaveBlock","tags":{"block":true}},{"x":42,"y":3,"id":"LeaveBlock","tags":{"block":true}},{"x":42,"y":7,"id":"LeaveBlock","tags":{"block":true}},{"x":42,"y":21,"id":"GroundBlock","tags":{"block":true}},{"x":42,"y":29,"id":"StoneBlock","tags":{"block":true}},{"x":43,"y":0,"id":"StoneBlock","tags":{"block":true}},{"x":43,"y":1,"id":"WoodBlock","tags":{"block":true}},{"x":43,"y":2,"id":"WoodBlock","tags":{"block":true}},{"x":43,"y":3,"id":"LeaveBlock","tags":{"block":true}},{"x":43,"y":7,"id":"LeaveBlock","tags":{"block":true}},{"x":43,"y":21,"id":"GroundBlock","tags":{"block":true}},{"x":43,"y":29,"id":"StoneBlock","tags":{"block":true}},{"x":44,"y":0,"id":"StoneBlock","tags":{"block":true}},{"x":44,"y":2,"id":"LeaveBlock","tags":{"block":true}},{"x":44,"y":3,"id":"LeaveBlock","tags":{"block":true}},{"x":44,"y":7,"id":"LeaveBlock","tags":{"block":true}},{"x":44,"y":21,"id":"GroundBlock","tags":{"block":true}},{"x":44,"y":29,"id":"StoneBlock","tags":{"block":true}},{"x":45,"y":0,"id":"StoneBlock","tags":{"block":true}},{"x":45,"y":7,"id":"LeaveBlock","tags":{"block":true}},{"x":45,"y":21,"id":"GroundBlock","tags":{"block":true}},{"x":45,"y":29,"id":"StoneBlock","tags":{"block":true}},{"x":46,"y":7,"id":"LeaveBlock","tags":{"block":true}},{"x":46,"y":21,"id":"GroundBlock","tags":{"block":true}},{"x":47,"y":7,"id":"LeaveBlock","tags":{"block":true}},{"x":47,"y":21,"id":"GroundBlock","tags":{"block":true}},{"x":48,"y":0,"id":"StoneBlock","tags":{"block":true}},{"x":48,"y":7,"id":"LeaveBlock","tags":{"block":true}},{"x":48,"y":13,"id":"GrassBlock","tags":{"block":true}},{"x":48,"y":21,"id":"GroundBlock","tags":{"block":true}},{"x":48,"y":29,"id":"StoneBlock","tags":{"block":true}},{"x":49,"y":0,"id":"StoneBlock","tags":{"block":true}},{"x":49,"y":7,"id":"LeaveBlock","tags":{"block":true}},{"x":49,"y":13,"id":"GrassBlock","tags":{"block":true}},{"x":49,"y":21,"id":"GroundBlock","tags":{"block":true}},{"x":49,"y":29,"id":"StoneBlock","tags":{"block":true}},{"x":50,"y":0,"id":"StoneBlock","tags":{"block":true}},{"x":50,"y":13,"id":"GrassBlock","tags":{"block":true}},{"x":50,"y":29,"id":"StoneBlock","tags":{"block":true}},{"x":51,"y":0,"id":"StoneBlock","tags":{"block":true}},{"x":51,"y":7,"id":"LeaveBlock","tags":{"block":true}},{"x":51,"y":13,"id":"SpawnerPoint","tags":{"block":true}},{"x":51,"y":21,"id":"GroundBlock","tags":{"block":true}},{"x":51,"y":26,"id":"LeaveBlock","tags":{"block":true}},{"x":51,"y":29,"id":"StoneBlock","tags":{"block":true}},{"x":52,"y":0,"id":"StoneBlock","tags":{"block":true}},{"x":52,"y":7,"id":"LeaveBlock","tags":{"block":true}},{"x":52,"y":13,"id":"GrassBlock","tags":{"block":true}},{"x":52,"y":21,"id":"GroundBlock","tags":{"block":true}},{"x":52,"y":25,"id":"LeaveBlock","tags":{"block":true}},{"x":52,"y":26,"id":"LeaveBlock","tags":{"block":true}},{"x":52,"y":29,"id":"StoneBlock","tags":{"block":true}},{"x":53,"y":0,"id":"StoneBlock","tags":{"block":true}},{"x":53,"y":7,"id":"LeaveBlock","tags":{"block":true}},{"x":53,"y":13,"id":"GrassBlock","tags":{"block":true}},{"x":53,"y":21,"id":"GroundBlock","tags":{"block":true}},{"x":53,"y":24,"id":"LeaveBlock","tags":{"block":true}},{"x":53,"y":25,"id":"LeaveBlock","tags":{"block":true}},{"x":53,"y":26,"id":"LeaveBlock","tags":{"block":true}},{"x":53,"y":27,"id":"WoodBlock","tags":{"block":true}},{"x":53,"y":28,"id":"WoodBlock","tags":{"block":true}},{"x":53,"y":29,"id":"StoneBlock","tags":{"block":true}},{"x":54,"y":0,"id":"StoneBlock","tags":{"block":true}},{"x":54,"y":7,"id":"LeaveBlock","tags":{"block":true}},{"x":54,"y":13,"id":"GrassBlock","tags":{"block":true}},{"x":54,"y":21,"id":"GroundBlock","tags":{"block":true}},{"x":54,"y":25,"id":"LeaveBlock","tags":{"block":true}},{"x":54,"y":26,"id":"LeaveBlock","tags":{"block":true}},{"x":54,"y":29,"id":"StoneBlock","tags":{"block":true}},{"x":55,"y":0,"id":"StoneBlock","tags":{"block":true}},{"x":55,"y":7,"id":"LeaveBlock","tags":{"block":true}},{"x":55,"y":21,"id":"GroundBlock","tags":{"block":true}},{"x":55,"y":26,"id":"LeaveBlock","tags":{"block":true}},{"x":55,"y":29,"id":"StoneBlock","tags":{"block":true}},{"x":56,"y":0,"id":"StoneBlock","tags":{"block":true}},{"x":56,"y":7,"id":"LeaveBlock","tags":{"block":true}},{"x":56,"y":21,"id":"GroundBlock","tags":{"block":true}},{"x":56,"y":29,"id":"StoneBlock","tags":{"block":true}},{"x":57,"y":0,"id":"StoneBlock","tags":{"block":true}},{"x":57,"y":7,"id":"LeaveBlock","tags":{"block":true}},{"x":57,"y":21,"id":"GroundBlock","tags":{"block":true}},{"x":57,"y":29,"id":"StoneBlock","tags":{"block":true}},{"x":58,"y":0,"id":"StoneBlock","tags":{"block":true}},{"x":58,"y":7,"id":"LeaveBlock","tags":{"block":true}},{"x":58,"y":21,"id":"GroundBlock","tags":{"block":true}},{"x":58,"y":29,"id":"StoneBlock","tags":{"block":true}},{"x":59,"y":0,"id":"StoneBlock","tags":{"block":true}},{"x":59,"y":7,"id":"LeaveBlock","tags":{"block":true}},{"x":59,"y":21,"id":"GroundBlock","tags":{"block":true}},{"x":59,"y":29,"id":"StoneBlock","tags":{"block":true}}],"background":"resources/backgrounds/Teleport.png","width":60,"height":30}